fuel,factor,effect_column,level,effect_cent_l,raw_effect_cent_l,n_obs,n_stations,confidence,shrinkage_stations
GAZOLE,code_region,region_effect_cent_l,11,3.377933113144808,3.6966060483471486,15407,848,HIGH,80.0
GAZOLE,code_region,region_effect_cent_l,24,-0.16667559158449602,-0.19541276254734016,8105,464,HIGH,80.0
GAZOLE,code_region,region_effect_cent_l,27,1.1199783946736772,1.2461731433693028,12115,710,HIGH,80.0
GAZOLE,code_region,region_effect_cent_l,28,-0.47487818059240633,-0.5410632928700936,10685,574,HIGH,80.0
GAZOLE,code_region,region_effect_cent_l,32,-0.3130903017325482,-0.3437478588177426,15239,817,HIGH,80.0
GAZOLE,code_region,region_effect_cent_l,44,0.6031212120337609,0.6566724850223301,16059,901,HIGH,80.0
GAZOLE,code_region,region_effect_cent_l,52,-1.4482112726317151,-1.6569624470651154,10303,555,HIGH,80.0
GAZOLE,code_region,region_effect_cent_l,53,-1.5820965881813545,-1.8113859487873478,10436,552,HIGH,80.0
GAZOLE,code_region,region_effect_cent_l,75,-0.6430667269091408,-0.6872258154522577,21097,1165,HIGH,80.0
GAZOLE,code_region,region_effect_cent_l,76,0.3556022791416457,0.3805568250463226,20666,1140,HIGH,80.0
GAZOLE,code_region,region_effect_cent_l,84,0.8857070476661835,0.9366829928556041,24555,1390,HIGH,80.0
GAZOLE,code_region,region_effect_cent_l,93,0.46366710059711747,0.5091246594791878,14593,816,HIGH,80.0
GAZOLE,code_departement,department_effect_cent_l,01,-0.6008342203512139,-0.7946517107870894,2180,124,HIGH,40.0
GAZOLE,code_departement,department_effect_cent_l,02,-0.04363785190179735,-0.0620116842815015,1686,95,MEDIUM,40.0
GAZOLE,code_departement,department_effect_cent_l,03,0.5127937060587472,0.7513024065511877,1475,86,MEDIUM,40.0
GAZOLE,code_departement,department_effect_cent_l,04,0.4907876990031901,0.8413503411483259,903,56,MEDIUM,40.0
GAZOLE,code_departement,department_effect_cent_l,05,-0.2315062244962466,-0.44686085193461555,798,43,MEDIUM,40.0
GAZOLE,code_departement,department_effect_cent_l,06,4.901770862957827,6.244721784316136,2577,146,HIGH,40.0
GAZOLE,code_departement,department_effect_cent_l,07,0.41399565144961814,0.6318880995809961,1380,76,MEDIUM,40.0
GAZOLE,code_departement,department_effect_cent_l,08,0.11787178050723422,0.21032023580702577,873,51,MEDIUM,40.0
GAZOLE,code_departement,department_effect_cent_l,09,0.360026329142156,0.7835867163682219,656,34,MEDIUM,40.0
GAZOLE,code_departement,department_effect_cent_l,10,0.4060041537276548,0.6448301265086283,1210,68,MEDIUM,40.0
GAZOLE,code_departement,department_effect_cent_l,11,-0.33535892895151387,-0.4895469422625547,1618,87,MEDIUM,40.0
GAZOLE,code_departement,department_effect_cent_l,12,0.11865803681247147,0.17139494206245878,1648,90,MEDIUM,40.0
GAZOLE,code_departement,department_effect_cent_l,13,-0.19223134102052697,-0.21989052677887616,5052,278,HIGH,40.0
GAZOLE,code_departement,department_effect_cent_l,14,-0.5564734895362585,-0.7374404780033343,2313,123,HIGH,40.0
GAZOLE,code_departement,department_effect_cent_l,15,1.204534330997924,2.131099200996327,887,52,MEDIUM,40.0
GAZOLE,code_departement,department_effect_cent_l,16,-1.069896923720701,-1.6901270244283537,1245,69,MEDIUM,40.0
GAZOLE,code_departement,department_effect_cent_l,17,-1.659592042429497,-2.2221656161344114,2192,118,HIGH,40.0
GAZOLE,code_departement,department_effect_cent_l,18,0.6757360415436034,1.0915736055704364,1139,65,MEDIUM,40.0
GAZOLE,code_departement,department_effect_cent_l,19,0.37754041344910877,0.6098729755716372,1133,65,MEDIUM,40.0
GAZOLE,code_departement,department_effect_cent_l,21,0.05267974371008105,0.06852327565296257,2227,133,HIGH,40.0
GAZOLE,code_departement,department_effect_cent_l,22,-0.7862630258615524,-1.0573882071931222,2165,116,HIGH,40.0
GAZOLE,code_departement,department_effect_cent_l,23,0.5424255803821229,1.1805733220081498,621,34,MEDIUM,40.0
GAZOLE,code_departement,department_effect_cent_l,24,0.4801165395224354,0.6721631553314096,1852,100,HIGH,40.0
GAZOLE,code_departement,department_effect_cent_l,25,0.45388884048548006,0.6251676482158499,1943,106,HIGH,40.0
GAZOLE,code_departement,department_effect_cent_l,26,-0.8356303758764658,-1.1141738345019545,2112,120,HIGH,40.0
GAZOLE,code_departement,department_effect_cent_l,27,-0.2550216919283046,-0.3601852762286364,1821,97,MEDIUM,40.0
GAZOLE,code_departement,department_effect_cent_l,28,-1.2013058498992155,-1.8253608368598468,1309,77,MEDIUM,40.0
GAZOLE,code_departement,department_effect_cent_l,29,-1.2347840062698274,-1.5777795635670016,2771,144,HIGH,40.0
GAZOLE,code_departement,department_effect_cent_l,30,-0.24843002238494702,-0.3179209377373797,2521,143,HIGH,40.0
GAZOLE,code_departement,department_effect_cent_l,31,-0.2723140082763362,-0.32650585071938815,3732,201,HIGH,40.0
GAZOLE,code_departement,department_effect_cent_l,32,0.4099212252338484,0.7192957348443001,938,53,MEDIUM,40.0
GAZOLE,code_departement,department_effect_cent_l,33,-0.6577661444856435,-0.7692519316866,4244,236,HIGH,40.0
GAZOLE,code_departement,department_effect_cent_l,34,0.17028158283308964,0.21181367620701394,2936,164,HIGH,40.0
GAZOLE,code_departement,department_effect_cent_l,35,-0.4927177395765627,-0.6241091367969793,2789,150,HIGH,40.0
GAZOLE,code_departement,department_effect_cent_l,36,0.40952903723167483,0.7371522670170146,856,50,MEDIUM,40.0
GAZOLE,code_departement,department_effect_cent_l,37,-0.5464496431299376,-0.7789814061639535,1637,94,MEDIUM,40.0
GAZOLE,code_departement,department_effect_cent_l,38,-0.30526148664660485,-0.3669304738479392,3435,198,HIGH,40.0
GAZOLE,code_departement,department_effect_cent_l,39,-0.35208725931148144,-0.5121269226348821,1342,88,MEDIUM,40.0
GAZOLE,code_departement,department_effect_cent_l,40,-0.10553645382030188,-0.14536153073362335,1861,106,HIGH,40.0
GAZOLE,code_departement,department_effect_cent_l,41,0.3971646129721781,0.6415736055704415,1110,65,MEDIUM,40.0
GAZOLE,code_departement,department_effect_cent_l,42,0.6060943227093049,0.7911612914755048,2380,131,HIGH,40.0
GAZOLE,code_departement,department_effect_cent_l,43,-0.6396499752967587,-1.1134647718128763,986,54,MEDIUM,40.0
GAZOLE,code_departement,department_effect_cent_l,44,-1.2805427455674327,-1.5749203882266125,3256,174,HIGH,40.0
GAZOLE,code_departement,department_effect_cent_l,45,-0.566675850219696,-0.7672690715364026,2054,113,HIGH,40.0
GAZOLE,code_departement,department_effect_cent_l,46,1.0283643620843406,1.6612039695208578,1095,65,MEDIUM,40.0
GAZOLE,code_departement,department_effect_cent_l,47,0.04684141628352199,0.06862812153167175,1586,86,MEDIUM,40.0
GAZOLE,code_departement,department_effect_cent_l,48,0.46897485593766747,0.962632599029949,673,38,MEDIUM,40.0
GAZOLE,code_departement,department_effect_cent_l,49,-0.604776794169465,-0.8329944523466215,2025,106,HIGH,40.0
GAZOLE,code_departement,department_effect_cent_l,50,-0.0458256133012261,-0.06037342704764709,2251,126,HIGH,40.0
GAZOLE,code_departement,department_effect_cent_l,51,-0.5042672878557157,-0.7235139347495052,1654,92,MEDIUM,40.0
GAZOLE,code_departement,department_effect_cent_l,52,0.6436825601366971,1.1118153311452041,886,55,MEDIUM,40.0
GAZOLE,code_departement,department_effect_cent_l,53,-0.0732436060677926,-0.1274981290809723,1023,54,MEDIUM,40.0
GAZOLE,code_departement,department_effect_cent_l,54,0.30992017298829655,0.4338882421836152,1777,100,HIGH,40.0
GAZOLE,code_departement,department_effect_cent_l,55,-0.29285527758368307,-0.6011239908296652,715,38,MEDIUM,40.0
GAZOLE,code_departement,department_effect_cent_l,56,-0.5433218033457551,-0.6963701986544184,2711,142,HIGH,40.0
GAZOLE,code_departement,department_effect_cent_l,57,0.6078933490741577,0.7853804582928898,2443,137,HIGH,40.0
GAZOLE,code_departement,department_effect_cent_l,58,0.8080900573247594,1.3379851768819786,1074,61,MEDIUM,40.0
GAZOLE,code_departement,department_effect_cent_l,59,-0.4126633870797829,-0.47714204131099897,4807,256,HIGH,40.0
GAZOLE,code_departement,department_effect_cent_l,60,-0.12377233790743965,-0.16537648510321767,2287,119,HIGH,40.0
GAZOLE,code_departement,department_effect_cent_l,61,0.0023847654088047674,0.003974609014674613,1080,60,MEDIUM,40.0
GAZOLE,code_departement,department_effect_cent_l,62,-0.23007261817779723,-0.2690679771909832,4411,236,HIGH,40.0
GAZOLE,code_departement,department_effect_cent_l,63,-0.33808074767003576,-0.4480257062619173,2241,123,HIGH,40.0
GAZOLE,code_departement,department_effect_cent_l,64,0.6126369720836538,0.8203105219425194,2148,118,HIGH,40.0
GAZOLE,code_departement,department_effect_cent_l,65,1.1531740850739076,2.0234941492806304,894,53,MEDIUM,40.0
GAZOLE,code_departement,department_effect_cent_l,66,-0.8330701485412896,-1.2895469422625443,1388,73,MEDIUM,40.0
GAZOLE,code_departement,department_effect_cent_l,67,-0.2296425073654151,-0.28967976419297464,2793,153,HIGH,40.0
GAZOLE,code_departement,department_effect_cent_l,68,-0.2840205895908154,-0.38029875555380366,2159,118,HIGH,40.0
GAZOLE,code_departement,department_effect_cent_l,69,0.6361459197536447,0.7621154088137723,3723,202,HIGH,40.0
GAZOLE,code_departement,department_effect_cent_l,70,-0.4933187150531274,-0.8065369468328909,1079,63,MEDIUM,40.0
GAZOLE,code_departement,department_effect_cent_l,71,0.3847078907693944,0.4879851768819834,2591,149,HIGH,40.0
GAZOLE,code_departement,department_effect_cent_l,72,0.6604565640600193,0.9273077010539665,1728,99,MEDIUM,40.0
GAZOLE,code_departement,department_effect_cent_l,73,0.4221710950729208,0.6057237451046255,1525,92,MEDIUM,40.0
GAZOLE,code_departement,department_effect_cent_l,74,1.7853018468881325,2.326302406551203,2231,132,HIGH,40.0
GAZOLE,code_departement,department_effect_cent_l,75,6.725481689208593,13.13070234559773,585,42,MEDIUM,40.0
GAZOLE,code_departement,department_effect_cent_l,76,-0.3941504343663369,-0.48744047800333967,3220,169,HIGH,40.0
GAZOLE,code_departement,department_effect_cent_l,77,-0.6472197768553787,-0.7902517717405453,3325,181,HIGH,40.0
GAZOLE,code_departement,department_effect_cent_l,78,0.506203463048023,0.6448893433351526,2768,146,HIGH,40.0
GAZOLE,code_departement,department_effect_cent_l,79,-1.276498501045286,-1.9856643349593341,1283,72,MEDIUM,40.0
GAZOLE,code_departement,department_effect_cent_l,80,0.06776640428598699,0.09218673015481113,2048,111,HIGH,40.0
GAZOLE,code_departement,department_effect_cent_l,81,-0.5414132533537583,-0.8340690659774115,1337,74,MEDIUM,40.0
GAZOLE,code_departement,department_effect_cent_l,82,-0.06044300945798802,-0.09763870758598064,1230,65,MEDIUM,40.0
GAZOLE,code_departement,department_effect_cent_l,83,-0.3417892147417119,-0.41609121794643195,3263,184,HIGH,40.0
GAZOLE,code_departement,department_effect_cent_l,84,0.01756746475151813,0.024014240807121112,2000,109,HIGH,40.0
GAZOLE,code_departement,department_effect_cent_l,85,-1.3968037868596068,-1.8547722415676746,2271,122,HIGH,40.0
GAZOLE,code_departement,department_effect_cent_l,86,-0.0789372792671542,-0.12048321572355114,1370,76,MEDIUM,40.0
GAZOLE,code_departement,department_effect_cent_l,87,-0.2008458408988528,-0.29536153073360705,1562,85,MEDIUM,40.0
GAZOLE,code_departement,department_effect_cent_l,88,0.5232720713084569,0.7584505303234936,1549,89,MEDIUM,40.0
GAZOLE,code_departement,department_effect_cent_l,89,1.6823480619241977,2.4300583116682857,1515,90,MEDIUM,40.0
GAZOLE,code_departement,department_effect_cent_l,90,-0.12630768593152567,-0.378923057794577,344,20,LOW,40.0
GAZOLE,code_departement,department_effect_cent_l,91,-0.298427825448652,-0.39025177174054493,2478,130,HIGH,40.0
GAZOLE,code_departement,department_effect_cent_l,92,4.809022936455679,7.480702345597724,1190,72,MEDIUM,40.0
GAZOLE,code_departement,department_effect_cent_l,93,3.5503369508928335,5.201656462936012,1546,86,MEDIUM,40.0
GAZOLE,code_departement,department_effect_cent_l,94,4.257352119743933,6.3597482282594555,1468,81,MEDIUM,40.0
GAZOLE,code_departement,department_effect_cent_l,95,0.09116116671828937,0.12431068188857641,2047,110,HIGH,40.0
GAZOLE,road_type,road_effect_cent_l,AUTOROUTE,10.181116395464231,12.40406757351319,5376,458,HIGH,100.0
GAZOLE,road_type,road_effect_cent_l,ROUTE,-0.74283499048218,-0.7506732830904124,173884,9477,HIGH,100.0
GAZOLE,competition_bucket,competition_effect_cent_l,HIGH,-0.030266256166271748,-0.031030555564409923,56184,3168,HIGH,80.0
GAZOLE,competition_bucket,competition_effect_cent_l,LOW,0.1873031138664986,0.1934116540659767,35449,2453,HIGH,80.0
GAZOLE,competition_bucket,competition_effect_cent_l,MEDIUM,-0.10826512004708856,-0.11075325839921929,55807,3481,HIGH,80.0
GAZOLE,competition_bucket,competition_effect_cent_l,VERY_LOW,0.4830592760323513,0.5012023474326274,31820,2130,HIGH,80.0
GAZOLE,isolation_bucket,isolation_effect_cent_l,DENSE,0.2114638372044048,0.21397588088704206,72494,4209,HIGH,50.0
GAZOLE,isolation_bucket,isolation_effect_cent_l,ISOLATED,0.3630574015604981,0.37217944682583726,30002,1990,HIGH,50.0
GAZOLE,isolation_bucket,isolation_effect_cent_l,LOCAL,-0.24789273270110956,-0.25114506453922436,63578,3811,HIGH,50.0
GAZOLE,isolation_bucket,isolation_effect_cent_l,VERY_ISOLATED,0.6961611843852336,0.7322691296334303,13186,964,HIGH,50.0
GAZOLE,accessibility_class,logistics_premium_cent_l,FERRY_ISLAND,0.0,-27.41096707840829,1,1,INSUFFICIENT,10.0
GAZOLE,accessibility_class,logistics_premium_cent_l,MAINLAND,0.0,0.0,178930,9916,HIGH,10.0
GAZOLE,accessibility_class,logistics_premium_cent_l,REMOTE_ISOLATED,3.1086689546076567,5.051587051237442,107,16,LOW,10.0
GAZOLE,accessibility_class,logistics_premium_cent_l,ROAD_CONNECTED_ISLAND,0.0,-2.5040699734281393,222,12,LOW,10.0
SP95,code_region,region_effect_cent_l,11,0.45906511406127454,0.6252425309160345,2876,221,HIGH,80.0
SP95,code_region,region_effect_cent_l,24,-0.451961424793062,-0.6318465689893056,2942,201,HIGH,80.0
SP95,code_region,region_effect_cent_l,27,0.7678604386724137,0.9443800797465318,5216,348,HIGH,80.0
SP95,code_region,region_effect_cent_l,28,-0.9250855291062169,-1.1942013193916619,4061,275,HIGH,80.0
SP95,code_region,region_effect_cent_l,32,-1.015689954791925,-1.2744644655669375,4038,314,HIGH,80.0
SP95,code_region,region_effect_cent_l,44,-0.36634883945327007,-0.45570221492967733,4450,328,HIGH,80.0
SP95,code_region,region_effect_cent_l,52,-1.2177424663494483,-1.628794775665718,3418,237,HIGH,80.0
SP95,code_region,region_effect_cent_l,53,-1.8987129400599985,-2.4470776880917673,4229,277,HIGH,80.0
SP95,code_region,region_effect_cent_l,75,-0.8525319954527302,-0.9852218001924548,7869,514,HIGH,80.0
SP95,code_region,region_effect_cent_l,76,0.6183082148449623,0.7363622892783681,6173,419,HIGH,80.0
SP95,code_region,region_effect_cent_l,84,1.189698784578716,1.3493898966027047,8796,596,HIGH,80.0
SP95,code_region,region_effect_cent_l,93,0.47500184777101684,0.6183986320037766,3300,265,HIGH,80.0
SP95,code_departement,department_effect_cent_l,01,-0.4082273672794774,-0.6594442086822327,924,65,MEDIUM,40.0
SP95,code_departement,department_effect_cent_l,02,0.01668907787825415,0.03425652827641641,542,38,MEDIUM,40.0
SP95,code_departement,department_effect_cent_l,03,0.2816999844002765,0.563399968800553,556,40,MEDIUM,40.0
SP95,code_departement,department_effect_cent_l,04,1.2293510147168665,3.464534677838442,242,22,LOW,40.0
SP95,code_departement,department_effect_cent_l,05,0.7608720491549196,2.210152142783338,318,21,LOW,40.0
SP95,code_departement,department_effect_cent_l,06,0.6029342346700756,1.2376018501122603,421,38,MEDIUM,40.0
SP95,code_departement,department_effect_cent_l,07,1.0073629855872588,2.0405557913177805,674,39,MEDIUM,40.0
SP95,code_departement,department_effect_cent_l,08,0.07287268838903548,0.20536848546000908,275,22,LOW,40.0
SP95,code_departement,department_effect_cent_l,09,0.2874091976372486,1.1717451903672442,199,13,LOW,40.0
SP95,code_departement,department_effect_cent_l,10,0.38667342493397694,0.8553684854600097,493,33,MEDIUM,40.0
SP95,code_departement,department_effect_cent_l,11,0.2202936284694738,0.5466545595353609,378,27,LOW,40.0
SP95,code_departement,department_effect_cent_l,12,0.11910286733552726,0.2073272135099919,913,54,MEDIUM,40.0
SP95,code_departement,department_effect_cent_l,13,-0.370536242742976,-0.5512856294468668,1011,82,MEDIUM,40.0
SP95,code_departement,department_effect_cent_l,14,-0.02078121440828582,-0.03589482488703914,807,55,MEDIUM,40.0
SP95,code_departement,department_effect_cent_l,15,1.1041194897829882,2.330918922875197,569,36,MEDIUM,40.0
SP95,code_departement,department_effect_cent_l,16,-0.4070955225155894,-1.0584483585405324,304,25,LOW,40.0
SP95,code_departement,department_effect_cent_l,17,-1.2730223632697386,-2.7706957318223724,526,34,MEDIUM,40.0
SP95,code_departement,department_effect_cent_l,18,0.20667141952191562,0.442867327546962,542,35,MEDIUM,40.0
SP95,code_departement,department_effect_cent_l,19,-0.10144145430819294,-0.2575052301669513,382,26,LOW,40.0
SP95,code_departement,department_effect_cent_l,21,1.712219013947551,2.873045464081484,831,59,MEDIUM,40.0
SP95,code_departement,department_effect_cent_l,22,-1.2466991411818946,-2.1701799865018163,749,54,MEDIUM,40.0
SP95,code_departement,department_effect_cent_l,23,0.07951282784959222,0.23853848354877666,315,20,LOW,40.0
SP95,code_departement,department_effect_cent_l,24,0.2829745918713424,0.4925854006649294,882,54,MEDIUM,40.0
SP95,code_departement,department_effect_cent_l,25,-0.44585396695453267,-0.7888185569195578,868,52,MEDIUM,40.0
SP95,code_departement,department_effect_cent_l,26,-0.3241641867055623,-0.6328919835680026,622,42,MEDIUM,40.0
SP95,code_departement,department_effect_cent_l,27,-0.41768897264215343,-0.835377945284307,503,40,MEDIUM,40.0
SP95,code_departement,department_effect_cent_l,28,-1.1988198083725972,-3.1169315017687524,403,25,LOW,40.0
SP95,code_departement,department_effect_cent_l,29,-1.1189241001505994,-1.6162237002175324,1437,90,MEDIUM,40.0
SP95,code_departement,department_effect_cent_l,30,0.18507534761346578,0.31727202448022707,868,56,MEDIUM,40.0
SP95,code_departement,department_effect_cent_l,31,-0.2368511424803281,-0.37825480963276276,959,67,MEDIUM,40.0
SP95,code_departement,department_effect_cent_l,32,0.1282713351817619,0.3725976879089274,290,21,LOW,40.0
SP95,code_departement,department_effect_cent_l,33,-0.5401898380972135,-0.7584483585405322,1390,99,MEDIUM,40.0
SP95,code_departement,department_effect_cent_l,34,-0.42119679127256593,-0.7581542242906186,679,50,MEDIUM,40.0
SP95,code_departement,department_effect_cent_l,35,-0.7714341771636087,-1.2612336547278047,977,63,MEDIUM,40.0
SP95,code_departement,department_effect_cent_l,36,-0.16333994756702314,-0.41463217459321255,391,26,LOW,40.0
SP95,code_departement,department_effect_cent_l,37,-0.9403513857274413,-1.7079851699947404,634,49,MEDIUM,40.0
SP95,code_departement,department_effect_cent_l,38,-0.6729411208091663,-1.022520923826915,970,77,MEDIUM,40.0
SP95,code_departement,department_effect_cent_l,39,0.19230704193482845,0.3632466347657871,599,45,MEDIUM,40.0
SP95,code_departement,department_effect_cent_l,40,0.02231175363350217,0.03853848354877648,847,55,MEDIUM,40.0
SP95,code_departement,department_effect_cent_l,41,-0.028993919681319775,-0.07041380494034802,441,28,LOW,40.0
SP95,code_departement,department_effect_cent_l,42,0.5294271816356834,0.9075894542326001,930,56,MEDIUM,40.0
SP95,code_departement,department_effect_cent_l,43,0.062469920787118965,0.1457631485032776,466,30,MEDIUM,40.0
SP95,code_departement,department_effect_cent_l,44,-1.5362477398809677,-2.4141035912415205,939,70,MEDIUM,40.0
SP95,code_departement,department_effect_cent_l,45,-0.12618870909753305,-0.2590189292001994,531,38,MEDIUM,40.0
SP95,code_departement,department_effect_cent_l,46,-0.22707340556064373,-0.8326024870556936,185,15,LOW,40.0
SP95,code_departement,department_effect_cent_l,47,-0.42153605469410466,-0.7802901437954703,795,47,MEDIUM,40.0
SP95,code_departement,department_effect_cent_l,48,0.900738563445942,3.3027080659684542,235,15,LOW,40.0
SP95,code_departement,department_effect_cent_l,49,-0.3811662576989705,-0.7932378876438034,584,37,MEDIUM,40.0
SP95,code_departement,department_effect_cent_l,50,-0.27843189686744846,-0.44465989499726843,975,67,MEDIUM,40.0
SP95,code_departement,department_effect_cent_l,51,-0.24608898277381547,-0.5976446724506947,368,28,LOW,40.0
SP95,code_departement,department_effect_cent_l,52,1.4680973007397902,4.137365120266681,281,22,LOW,40.0
SP95,code_departement,department_effect_cent_l,53,-0.17435322634232364,-0.3922947592702282,500,32,MEDIUM,40.0
SP95,code_departement,department_effect_cent_l,54,0.9041492804151826,1.8558853650627434,499,38,MEDIUM,40.0
SP95,code_departement,department_effect_cent_l,55,0.20980736435811556,0.8553684854600097,219,13,LOW,40.0
SP95,code_departement,department_effect_cent_l,56,-0.8219590584471522,-1.2916499489883821,1066,70,MEDIUM,40.0
SP95,code_departement,department_effect_cent_l,57,0.05639046111534561,0.1015028300076221,660,50,MEDIUM,40.0
SP95,code_departement,department_effect_cent_l,58,1.904759624526793,4.021159207334341,508,36,MEDIUM,40.0
SP95,code_departement,department_effect_cent_l,59,-0.8257133242626392,-1.2491560546537361,925,78,MEDIUM,40.0
SP95,code_departement,department_effect_cent_l,60,-0.24817887562819968,-0.43201507979723647,790,54,MEDIUM,40.0
SP95,code_departement,department_effect_cent_l,61,-0.33624170021965294,-0.7438073974555959,550,33,MEDIUM,40.0
SP95,code_departement,department_effect_cent_l,62,-0.864806532410812,-1.1942566399958832,1308,105,HIGH,40.0
SP95,code_departement,department_effect_cent_l,63,-0.10957015424554697,-0.20484854924167478,658,46,MEDIUM,40.0
SP95,code_departement,department_effect_cent_l,64,0.22084630900414606,0.37859367257853616,884,56,MEDIUM,40.0
SP95,code_departement,department_effect_cent_l,65,0.35650286914124624,1.0695086074237388,243,20,LOW,40.0
SP95,code_departement,department_effect_cent_l,66,-0.4582750868355635,-1.1372011414067686,388,27,LOW,40.0
SP95,code_departement,department_effect_cent_l,67,-1.2693109658159243,-2.3270701039958612,618,48,MEDIUM,40.0
SP95,code_departement,department_effect_cent_l,68,-0.22382869368808891,-0.45339658465023136,568,39,MEDIUM,40.0
SP95,code_departement,department_effect_cent_l,69,0.3750422661638649,0.6094436825162804,1017,64,MEDIUM,40.0
SP95,code_departement,department_effect_cent_l,70,-0.6018990798726501,-1.5278976642921116,378,26,LOW,40.0
SP95,code_departement,department_effect_cent_l,71,0.014164428050251343,0.02115920733432608,1326,81,MEDIUM,40.0
SP95,code_departement,department_effect_cent_l,72,-0.536955040937987,-0.9422041284383544,671,53,MEDIUM,40.0
SP95,code_departement,department_effect_cent_l,73,-0.2607165160521672,-0.5090179599113741,595,42,MEDIUM,40.0
SP95,code_departement,department_effect_cent_l,74,1.2517264910845998,2.100354620633481,815,59,MEDIUM,40.0
SP95,code_departement,department_effect_cent_l,75,1.676740196315611,11.25811274669053,18,7,INSUFFICIENT,40.0
SP95,code_departement,department_effect_cent_l,76,-0.4721085726085541,-0.7081628589128312,1226,80,MEDIUM,40.0
SP95,code_departement,department_effect_cent_l,77,-0.06611175485330419,-0.10617948506742794,883,66,MEDIUM,40.0
SP95,code_departement,department_effect_cent_l,78,0.42419081693785754,0.8098188323359099,555,44,MEDIUM,40.0
SP95,code_departement,department_effect_cent_l,79,-0.9501470638202991,-2.137830893595673,483,32,MEDIUM,40.0
SP95,code_departement,department_effect_cent_l,80,-0.29387753884622436,-0.5952903992013263,473,39,MEDIUM,40.0
SP95,code_departement,department_effect_cent_l,81,0.5236050815859595,1.2217451903672387,448,30,MEDIUM,40.0
SP95,code_departement,department_effect_cent_l,82,-0.062291135005956094,-0.16610969334921624,388,24,LOW,40.0
SP95,code_departement,department_effect_cent_l,83,-0.2360862010791212,-0.38598220176427755,885,63,MEDIUM,40.0
SP95,code_departement,department_effect_cent_l,84,0.06888420804683397,0.13953467783845858,423,39,MEDIUM,40.0
SP95,code_departement,department_effect_cent_l,85,0.7188331084738193,1.3577958715616587,724,45,MEDIUM,40.0
SP95,code_departement,department_effect_cent_l,86,0.05949271887426942,0.14155164145946864,429,29,LOW,40.0
SP95,code_departement,department_effect_cent_l,87,-0.2769962828331498,-0.5764517237338523,632,37,MEDIUM,40.0
SP95,code_departement,department_effect_cent_l,88,0.002505293214668203,0.005368485460003292,469,35,MEDIUM,40.0
SP95,code_departement,department_effect_cent_l,89,1.946720550635268,3.943357012825287,566,39,MEDIUM,40.0
SP95,code_departement,department_effect_cent_l,90,-0.23739329792392921,-1.1869664896196461,140,10,LOW,40.0
SP95,code_departement,department_effect_cent_l,91,-0.19091943109948992,-0.39188725330947927,611,38,MEDIUM,40.0
SP95,code_departement,department_effect_cent_l,92,0.10491235013300168,0.5711894618352313,59,9,INSUFFICIENT,40.0
SP95,code_departement,department_effect_cent_l,93,0.02121576466479347,0.058112746690521244,290,23,LOW,40.0
SP95,code_departement,department_effect_cent_l,94,0.021492494671689052,0.08289962230508635,192,14,LOW,40.0
SP95,code_departement,department_effect_cent_l,95,0.24756905288787495,0.7427071586636249,268,20,LOW,40.0
SP95,road_type,road_effect_cent_l,AUTOROUTE,-0.8693386967943136,-2.8451084622359355,186,44,MEDIUM,100.0
SP95,road_type,road_effect_cent_l,ROUTE,-0.7673922969747032,-0.7868052060810706,57182,3953,HIGH,100.0
SP95,competition_bucket,competition_effect_cent_l,HIGH,0.3264526603606317,0.8705404276283513,415,48,MEDIUM,80.0
SP95,competition_bucket,competition_effect_cent_l,LOW,0.41095713193123184,0.43268652423427123,15008,1513,HIGH,80.0
SP95,competition_bucket,competition_effect_cent_l,MEDIUM,0.025602368284731045,0.028020537662273526,9089,847,HIGH,80.0
SP95,competition_bucket,competition_effect_cent_l,VERY_LOW,0.8052253718318598,0.8304379079361843,32856,2555,HIGH,80.0
SP95,isolation_bucket,isolation_effect_cent_l,DENSE,0.5829667575364441,0.6287974774685545,7018,636,HIGH,50.0
SP95,isolation_bucket,isolation_effect_cent_l,ISOLATED,0.11648963414595133,0.1202328743177364,17620,1556,HIGH,50.0
SP95,isolation_bucket,isolation_effect_cent_l,LOCAL,-0.18566161606256487,-0.19254306958601058,16579,1349,HIGH,50.0
SP95,isolation_bucket,isolation_effect_cent_l,VERY_ISOLATED,0.6598167077481045,0.6828389236499923,16151,1433,HIGH,50.0
SP95,accessibility_class,logistics_premium_cent_l,FERRY_ISLAND,2.211183837809261,24.323022215901872,3,1,INSUFFICIENT,10.0
SP95,accessibility_class,logistics_premium_cent_l,MAINLAND,0.0,0.0,56021,3947,HIGH,10.0
SP95,accessibility_class,logistics_premium_cent_l,REMOTE_ISOLATED,1.5137500896551053,1.592182736787494,1243,193,HIGH,10.0
SP95,accessibility_class,logistics_premium_cent_l,ROAD_CONNECTED_ISLAND,0.0,-3.9993562619774634,101,6,INSUFFICIENT,10.0
