id,latitude,longitude,cp,adresse,ville,departement,code_departement,region,code_region,road_type,price_eur_l,updated_at,fuel,age_hours_raw,age_hours,price_age_days,freshness_flag,latitude_deg,longitude_deg,nearest_station_km,stations_within_2km,stations_within_5km,stations_within_10km,stations_within_20km,stations_within_50km,competition_bucket,isolation_bucket,isolated_market,fair_price_eur_l,spread_eur_l,spread_cent_l,anomaly_z,flag,market_freshness,actionable,market_mode,market_data_date,official_anchor_date,accessibility_class,logistics_peer_group,accessibility_source,region_effect_cent_l,department_effect_cent_l,road_effect_cent_l,competition_effect_cent_l,isolation_effect_cent_l,logistics_premium_cent_l,code_region_model_match,code_region_model_confidence,code_departement_model_match,code_departement_model_confidence,competition_bucket_model_match,competition_bucket_model_confidence,isolation_bucket_model_match,isolation_bucket_model_confidence,road_type_model_match,road_type_model_confidence,accessibility_class_model_match,accessibility_class_model_confidence,base_structural_local_premium_cent_l,structural_local_premium_cent_l,historical_model_coverage,diagnostic_model_coverage,structural_premium_confidence,logistics_confidence,logistics_status,logistics_role,logistics_applied_to_fair_price,road_type_applied_to_fair_price,local_fair_price_eur_l,local_residual_cent_l,persistent_station_bias_cent_l,persistent_station_bias_raw_cent_l,persistent_bias_months,persistent_bias_observations,persistent_bias_confidence,persistence_status,local_model_type,local_model_train_start,local_model_train_end,local_model_months,local_peer_count,local_peer_radius_km,local_peer_median_residual_cent_l,local_peer_mad_cent_l,local_peer_scale_cent_l,local_excess_cent_l,local_anomaly_score,peer_selection_method,peer_confidence,local_flag
82800001,4407487.0,151788.0,82800,Rue des Marchats,Nègrepelisse,Tarn-et-Garonne,82,Occitanie,76,ROUTE,2.379,2026-09-16 11:04:39+02:00,SP95,142.4932607363889,142.4932607363889,5.937219197349537,CURRENT,44.07487,1.51788,17.73053119624156,0.0,0.0,0.0,1.0,30.0,VERY_LOW,VERY_ISOLATED,True,2.205212841482554,0.1737871585174462,17.37871585174462,3.2009730958211478,VERY_HIGH,CURRENT,True,BRENT_FX_BRIDGE,2026-09-22,2026-09-11,REMOTE_ISOLATED,REMOTE_ISOLATED,ISOLATION_HEURISTIC,0.7026384658149324,-0.0966486419989161,0.0,0.1831281328101671,0.5463934870312062,1.2724316479113271,True,HIGH,True,LOW,True,HIGH,True,HIGH,True,HIGH,True,HIGH,1.537411807050899,1.537411807050899,1.0,1.0,LOW,HIGH,ESTIMATED,DIAGNOSTIC_ONLY,False,False,2.2205869595530627,15.841304044693727,2.555567026641312,3.3625881929490946,19.0,19.0,HIGH,NORMAL,HISTORICAL_PANEL,2025-01-31,2026-08-31,20,29,50.0,1.0064518914741694,1.8196623463393014,2.697831394682648,14.834852153219558,5.498806256928674,RADIUS,MEDIUM,VERY_HIGH
48400003,4432800.0,359200.0,48400,65 AVENUE JEAN MONESTIER,Florac Trois Rivières,Lozère,48,Occitanie,76,ROUTE,2.358,2026-09-17 12:04:38+02:00,SP95,117.49353851416667,117.49353851416667,4.895564104756945,CURRENT,44.328,3.592,22.909670165879135,0.0,0.0,0.0,0.0,24.0,VERY_LOW,VERY_ISOLATED,True,2.205212841482554,0.1527871585174463,15.278715851744629,2.720827131447978,HIGH,CURRENT,True,BRENT_FX_BRIDGE,2026-09-22,2026-09-11,REMOTE_ISOLATED,REMOTE_ISOLATED,ISOLATION_HEURISTIC,0.7026384658149324,0.8867229830631482,0.0,0.1831281328101671,0.5463934870312062,1.2724316479113271,True,HIGH,True,LOW,True,HIGH,True,HIGH,True,HIGH,True,HIGH,2.520783432112963,2.520783432112963,1.0,1.0,LOW,HIGH,ESTIMATED,DIAGNOSTIC_ONLY,False,False,2.2304206758036833,12.757932419631679,8.421248413008747,11.579216567887029,16.0,16.0,MEDIUM,ELEVATED,HISTORICAL_PANEL,2025-01-31,2026-08-31,20,23,50.0,4.025973429333973,1.4580500151969655,2.161704952531021,8.731958990297706,4.039385199203035,RADIUS,MEDIUM,HIGH
13460003,4345500.0,442800.0,13460,26 avenue d'Arles,Saintes-Maries-de-la-Mer,Bouches-du-Rhône,13,Provence-Alpes-Côte d'Azur,93,ROUTE,2.339,2026-09-17 11:32:17+02:00,SP95,118.03270518083333,118.03270518083333,4.918029382534722,CURRENT,43.455,4.428,22.913228115760415,0.0,0.0,0.0,0.0,40.0,VERY_LOW,VERY_ISOLATED,True,2.205212841482554,0.13378715851744616,13.378715851744616,2.1733591138690214,HIGH,CURRENT,True,BRENT_FX_BRIDGE,2026-09-22,2026-09-11,REMOTE_ISOLATED,REMOTE_ISOLATED,ISOLATION_HEURISTIC,0.4840232812332575,-0.3934028731933068,0.0,0.1831281328101671,0.5463934870312062,1.2724316479113271,True,HIGH,True,MEDIUM,True,HIGH,True,HIGH,True,HIGH,True,HIGH,1.0220423912748333,1.0220423912748333,1.0,1.0,MEDIUM,HIGH,ESTIMATED,DIAGNOSTIC_ONLY,False,False,2.215433265395302,12.35667346046978,4.543247782631114,5.97795760872515,19.0,19.0,HIGH,NORMAL,HISTORICAL_PANEL,2025-01-31,2026-08-31,20,40,50.0,1.1252710569418234,2.743451457466506,4.067441130839842,11.231402403527957,2.761294396708062,RADIUS,MEDIUM,HIGH
2250001,4974300.0,377300.0,02250,Rue Saint Nicolas,Marle,Aisne,02,Hauts-de-France,32,ROUTE,2.319,2026-09-16 12:06:39+02:00,SP95,141.45992740305556,141.45992740305556,5.894163641793981,CURRENT,49.743,3.773,19.4921325997573,0.0,0.0,0.0,1.0,22.0,VERY_LOW,VERY_ISOLATED,True,2.205212841482554,0.11378715851744614,11.378715851744614,1.958198979125587,NORMAL,CURRENT,True,BRENT_FX_BRIDGE,2026-09-22,2026-09-11,REMOTE_ISOLATED,REMOTE_ISOLATED,ISOLATION_HEURISTIC,-0.994229997555222,0.0193458772456367,0.0,0.1831281328101671,0.5463934870312062,1.2724316479113271,True,HIGH,True,MEDIUM,True,HIGH,True,HIGH,True,HIGH,True,HIGH,-0.04346213707470267,-0.04346213707470267,1.0,1.0,MEDIUM,HIGH,ESTIMATED,DIAGNOSTIC_ONLY,False,False,2.2047782201118067,11.422177988819326,1.510385057837825,2.0434621370747044,17.0,17.0,MEDIUM,NORMAL,HISTORICAL_PANEL,2025-01-31,2026-08-31,20,21,50.0,2.2668948961171775,2.2372557959381645,3.3169554430579224,9.155283092702149,2.7601465409682544,RADIUS,MEDIUM,HIGH
40310001,4398646.0,999.000000001,40310,za LAMARRAQUE,Gabarret,Landes,40,Nouvelle-Aquitaine,75,ROUTE,2.359,2026-09-18 09:22:10+02:00,SP95,96.20131629194445,96.20131629194445,4.0083881788310185,CURRENT,43.98646,0.00999000000001,19.710153554942302,0.0,0.0,0.0,1.0,18.0,VERY_LOW,VERY_ISOLATED,True,2.205212841482554,0.15378715851744618,15.378715851744618,2.7849941036453263,HIGH,CURRENT,True,BRENT_FX_BRIDGE,2026-09-22,2026-09-11,REMOTE_ISOLATED,REMOTE_ISOLATED,ISOLATION_HEURISTIC,-0.8600108504190358,0.0389094932020486,0.0,0.1831281328101671,0.5463934870312062,1.2724316479113271,True,HIGH,True,MEDIUM,True,HIGH,True,HIGH,True,HIGH,True,HIGH,0.11032062601789541,0.11032062601789541,1.0,1.0,MEDIUM,HIGH,ESTIMATED,DIAGNOSTIC_ONLY,False,False,2.2063160477427326,15.268395225726739,-0.0848620200137657,-0.1103206260178955,20.0,20.0,HIGH,NORMAL,HISTORICAL_PANEL,2025-01-31,2026-08-31,20,17,50.0,4.268395225726751,3.000000000000025,4.447800000000036,10.999999999999988,2.4731327847474924,RADIUS,MEDIUM,HIGH
32700001,4391700.0,62800.0,32700,Route de Fleurance,Lectoure,Gers,32,Occitanie,76,ROUTE,2.35,2026-09-11 10:24:58+02:00,SP95,263.1546496252778,263.1546496252778,10.964777067719908,OLD,43.917,0.628,22.80007455308214,0.0,0.0,0.0,0.0,26.0,VERY_LOW,VERY_ISOLATED,True,2.205212841482554,0.14478715851744628,14.478715851744628,2.5379143831153415,HIGH,CURRENT,True,BRENT_FX_BRIDGE,2026-09-22,2026-09-11,REMOTE_ISOLATED,REMOTE_ISOLATED,ISOLATION_HEURISTIC,0.7026384658149324,0.1106838424296518,0.0,0.1831281328101671,0.5463934870312062,1.2724316479113271,True,HIGH,True,LOW,True,HIGH,True,HIGH,True,HIGH,True,HIGH,1.7447442914794669,1.7447442914794669,1.0,1.0,LOW,HIGH,ESTIMATED,DIAGNOSTIC_ONLY,False,False,2.2226602843973486,12.733971560265145,5.617630091928154,9.362716819880257,9.0,9.0,LOW,PROVISIONAL,HISTORICAL_PANEL,2025-01-31,2026-08-31,20,26,50.0,2.477040278918352,2.803730555679884,4.156810921850996,10.256931281346793,2.4675000797918085,RADIUS,MEDIUM,HIGH
51470001,4895300.0,438200.0,51470,7 avenue Jacques Simon,Saint-Memmie,Marne,51,Grand Est,44,ROUTE,2.299,2026-09-22 07:30:00+02:00,SP95,2.070760736388889,2.070760736388889,0.08628169734953704,CURRENT,48.953,4.382,20.71513367913679,0.0,0.0,0.0,0.0,18.0,VERY_LOW,VERY_ISOLATED,True,2.205212841482554,0.09378715851744612,9.378715851744612,0.24356610758876843,NORMAL,CURRENT,True,BRENT_FX_BRIDGE,2026-09-22,2026-09-11,REMOTE_ISOLATED,REMOTE_ISOLATED,ISOLATION_HEURISTIC,-0.3456273664846724,-0.209144939513095,0.0,0.1831281328101671,0.5463934870312062,1.2724316479113271,True,HIGH,True,LOW,True,HIGH,True,HIGH,True,HIGH,True,HIGH,0.3766496772371153,0.3766496772371153,1.0,1.0,LOW,HIGH,ESTIMATED,DIAGNOSTIC_ONLY,False,False,2.2089793382549248,9.002066174507517,4.9988002347366445,6.873350322762886,16.0,16.0,MEDIUM,NORMAL,HISTORICAL_PANEL,2025-01-31,2026-08-31,20,18,50.0,3.9754273533012308,1.5866805893968605,2.3524126418397855,5.026638821206286,2.136801482785363,RADIUS,MEDIUM,HIGH
41370004,4782078.655,139260.119,41370,Route de Blois,Marchenoir,Loir-et-Cher,41,Centre-Val de Loire,24,ROUTE,2.29,2026-09-18 16:35:12+02:00,SP95,88.98409406972223,88.98409406972223,3.7076705862384265,CURRENT,47.82078655,1.3926011900000002,21.39414918785177,0.0,0.0,0.0,0.0,26.0,VERY_LOW,VERY_ISOLATED,True,2.205212841482554,0.08478715851744623,8.478715851744623,0.8934812658001683,NORMAL,CURRENT,True,BRENT_FX_BRIDGE,2026-09-22,2026-09-11,REMOTE_ISOLATED,REMOTE_ISOLATED,ISOLATION_HEURISTIC,-0.4802470382897465,-0.0208768456259032,0.0,0.1831281328101671,0.5463934870312062,1.2724316479113271,True,HIGH,True,LOW,True,HIGH,True,HIGH,True,HIGH,True,HIGH,0.4302980993192329,0.4302980993192329,1.0,1.0,LOW,HIGH,ESTIMATED,DIAGNOSTIC_ONLY,False,False,2.2095158224757463,8.048417752425374,-0.378784356656587,-0.5302980993192218,15.0,15.0,MEDIUM,NORMAL,HISTORICAL_PANEL,2025-01-31,2026-08-31,20,25,50.0,2.087194597734232,1.9000000000000128,2.816940000000019,5.961223154691142,2.116205227903719,RADIUS,MEDIUM,HIGH
17590002,4620400.0,-151200.0,17590,Route Départementale 735,Ars-en-Ré,Charente-Maritime,17,Nouvelle-Aquitaine,75,ROUTE,2.268,2026-09-17 08:29:33+02:00,SP95,121.0782607363889,121.0782607363889,5.0449275306828705,CURRENT,46.204,-1.512,11.154225126994696,0.0,0.0,0.0,3.0,21.0,VERY_LOW,VERY_ISOLATED,True,2.205212841482554,0.06278715851744598,6.2787158517445985,0.8050373580849747,NORMAL,CURRENT,True,BRENT_FX_BRIDGE,2026-09-22,2026-09-11,ROAD_CONNECTED_ISLAND,ILE_RE,OVERRIDE_VILLE,-0.8600108504190358,-1.2671236574453657,0.0,0.1831281328101671,0.5463934870312062,0.0,True,HIGH,True,MEDIUM,True,HIGH,True,HIGH,True,HIGH,True,INSUFFICIENT,-1.1957125246295188,-1.1957125246295188,1.0,1.0,MEDIUM,INSUFFICIENT,PROVISIONAL,DIAGNOSTIC_ONLY,False,False,2.1932557162362585,7.4744283763741315,-2.1956057502849844,-2.85428747537048,20.0,20.0,HIGH,NORMAL,HISTORICAL_PANEL,2025-01-31,2026-08-31,20,21,50.0,0.28188948773384404,2.5409014295776355,3.7671404594918023,7.1925388886402875,1.9092834381892363,RADIUS,MEDIUM,NORMAL
17580002,4617771.0860263,-137215.89695779,17580,6083 route de Sainte Marie,Le Bois-Plage-en-Ré,Charente-Maritime,17,Nouvelle-Aquitaine,75,ROUTE,2.257,2026-09-18 14:22:34+02:00,SP95,91.19464962527779,91.19464962527779,3.799777067719908,CURRENT,46.177710860263,-1.3721589695779002,2.6142952503791013,0.0,2.0,2.0,5.0,22.0,VERY_LOW,LOCAL,False,2.205212841482554,0.05178715851744631,5.178715851744631,0.5657019273029618,NORMAL,CURRENT,True,BRENT_FX_BRIDGE,2026-09-22,2026-09-11,ROAD_CONNECTED_ISLAND,ILE_RE,OVERRIDE_VILLE,-0.8600108504190358,-1.2671236574453657,0.0,0.1831281328101671,-0.3621688873604664,0.0,True,HIGH,True,MEDIUM,True,HIGH,True,HIGH,True,HIGH,True,INSUFFICIENT,-2.1042748990211915,-2.1042748990211915,1.0,1.0,MEDIUM,INSUFFICIENT,PROVISIONAL,DIAGNOSTIC_ONLY,False,False,2.1841700924923417,7.282990750765839,0.0394726538335965,0.0542748990211952,16.0,16.0,MEDIUM,NORMAL,HISTORICAL_PANEL,2025-01-31,2026-08-31,20,22,50.0,0.38244011924983834,2.4957188128041485,3.7001527118634305,6.900550631516,1.8649367117717746,RADIUS,MEDIUM,NORMAL
49500001,4769700.0,-87100.0,49500,Route de Laval,Segré-en-Anjou Bleu,Maine-et-Loire,49,Pays de la Loire,52,ROUTE,2.319,2026-09-18 09:00:00+02:00,SP95,96.57076073638889,96.57076073638889,4.023781697349537,CURRENT,47.697,-0.871,15.364333758180942,0.0,0.0,0.0,1.0,36.0,VERY_LOW,VERY_ISOLATED,True,2.205212841482554,0.11378715851744614,11.378715851744614,1.3489815189531904,NORMAL,CURRENT,True,BRENT_FX_BRIDGE,2026-09-22,2026-09-11,REMOTE_ISOLATED,REMOTE_ISOLATED,ISOLATION_HEURISTIC,-1.1900810238007888,-0.2600423587188094,0.0,0.1831281328101671,0.5463934870312062,1.2724316479113271,True,HIGH,True,MEDIUM,True,HIGH,True,HIGH,True,HIGH,True,HIGH,-0.5187013992847157,-0.5187013992847157,1.0,1.0,MEDIUM,HIGH,ESTIMATED,DIAGNOSTIC_ONLY,False,False,2.2000258274897067,11.89741725102933,-0.3702296928579118,-0.4812986007152854,20.0,20.0,HIGH,NORMAL,HISTORICAL_PANEL,2025-01-31,2026-08-31,20,35,50.0,3.8211392332952787,3.0277400842382285,4.488927448891597,8.076278017734051,1.7991553906107882,RADIUS,MEDIUM,NORMAL
16480001,4533682.7,-4328.0,16480,11 RTE DE CHALAIS,Brossac,Charente,16,Nouvelle-Aquitaine,75,ROUTE,2.334,2026-09-11 14:04:32+02:00,SP95,259.4952051808333,259.4952051808333,10.812300215868055,OLD,45.336827,-0.04328,21.143810334235916,0.0,0.0,0.0,0.0,23.0,VERY_LOW,VERY_ISOLATED,True,2.205212841482554,0.12878715851744627,12.878715851744627,2.2410499427771007,HIGH,CURRENT,True,BRENT_FX_BRIDGE,2026-09-22,2026-09-11,REMOTE_ISOLATED,REMOTE_ISOLATED,ISOLATION_HEURISTIC,-0.8600108504190358,-0.4120151563042951,0.0,0.1831281328101671,0.5463934870312062,1.2724316479113271,True,HIGH,True,LOW,True,HIGH,True,HIGH,True,HIGH,True,HIGH,-0.3406040234884483,-0.3406040234884483,1.0,1.0,LOW,HIGH,ESTIMATED,DIAGNOSTIC_ONLY,False,False,2.2018068012476695,13.21931987523306,9.51845637431293,20.940604023488444,5.0,5.0,INSUFFICIENT,PROVISIONAL,HISTORICAL_PANEL,2025-01-31,2026-08-31,20,23,50.0,5.464065839157017,2.9999999999999805,4.447799999999971,7.7552540360760425,1.7436157282422982,RADIUS,MEDIUM,NORMAL
46240001,4465000.0,157100.0,46240,Route de Gramat,Cœur de Causse,Lot,46,Occitanie,76,ROUTE,2.315,2026-09-16 08:08:27+02:00,SP95,145.42992740305556,145.42992740305556,6.0595803084606485,CURRENT,44.65,1.571,19.252666278863497,0.0,0.0,0.0,1.0,18.0,VERY_LOW,VERY_ISOLATED,True,2.205212841482554,0.10978715851744614,10.978715851744614,1.7376711091600519,NORMAL,CURRENT,True,BRENT_FX_BRIDGE,2026-09-22,2026-09-11,REMOTE_ISOLATED,REMOTE_ISOLATED,ISOLATION_HEURISTIC,0.7026384658149324,-0.0814588351186663,0.0,0.1831281328101671,0.5463934870312062,1.2724316479113271,True,HIGH,True,LOW,True,HIGH,True,HIGH,True,HIGH,True,HIGH,1.5526016139311487,1.5526016139311487,1.0,1.0,LOW,HIGH,ESTIMATED,DIAGNOSTIC_ONLY,False,False,2.2207388576218654,9.426114237813454,0.3441526046683484,0.4473983860688528,20.0,20.0,HIGH,NORMAL,HISTORICAL_PANEL,2025-01-31,2026-08-31,20,17,50.0,0.5069239337434084,3.596320761784355,5.331905161421485,8.919190304070046,1.67279612709619,RADIUS,MEDIUM,NORMAL
6430001,4408800.0,759400.0,06430,Quartier celestrera,Tende,Alpes-Maritimes,06,Provence-Alpes-Côte d'Azur,93,ROUTE,2.37,2026-09-16 16:13:05+02:00,SP95,137.35270518083334,137.35270518083334,5.7230293825347225,CURRENT,44.088,7.594,24.387908215755466,0.0,0.0,0.0,0.0,8.0,VERY_LOW,VERY_ISOLATED,True,2.205212841482554,0.1647871585174463,16.47871585174463,2.8371436708142435,HIGH,CURRENT,True,BRENT_FX_BRIDGE,2026-09-22,2026-09-11,REMOTE_ISOLATED,REMOTE_ISOLATED,ISOLATION_HEURISTIC,0.4840232812332575,0.6130484899963305,0.0,0.1831281328101671,0.5463934870312062,1.2724316479113271,True,HIGH,True,MEDIUM,True,HIGH,True,HIGH,True,HIGH,True,HIGH,2.0284937544644706,2.0284937544644706,1.0,1.0,MEDIUM,HIGH,ESTIMATED,DIAGNOSTIC_ONLY,False,False,2.2254977790271986,14.450222097280152,6.8943447466070165,9.071506245535549,19.0,19.0,HIGH,ELEVATED,HISTORICAL_PANEL,2025-01-31,2026-08-31,20,34,100.0,4.31987743072586,4.350954801773899,6.4507255891099815,10.130344666554292,1.5704194088888526,RADIUS,LOW,NORMAL
70120002,4771200.0,588800.0,70120,Place du 15 Juin 1940,Combeaufontaine,Haute-Saône,70,Bourgogne-Franche-Comté,27,ROUTE,2.299,2026-09-22 00:00:00+02:00,SP95,9.57076073638889,9.57076073638889,0.39878169734953706,CURRENT,47.712,5.888,16.983508519887483,0.0,0.0,0.0,1.0,24.0,VERY_LOW,VERY_ISOLATED,True,2.205212841482554,0.09378715851744612,9.378715851744612,0.6423721518824751,NORMAL,CURRENT,True,BRENT_FX_BRIDGE,2026-09-22,2026-09-11,REMOTE_ISOLATED,REMOTE_ISOLATED,ISOLATION_HEURISTIC,0.8001869274196598,-0.6120784951415119,0.0,0.1831281328101671,0.5463934870312062,1.2724316479113271,True,HIGH,True,LOW,True,HIGH,True,HIGH,True,HIGH,True,HIGH,1.1195304155130306,1.1195304155130306,1.0,1.0,LOW,HIGH,ESTIMATED,DIAGNOSTIC_ONLY,False,False,2.216408145637684,8.259185436231586,4.276705152354157,5.880469584486965,16.0,16.0,MEDIUM,NORMAL,HISTORICAL_PANEL,2025-01-31,2026-08-31,20,24,50.0,4.097848662270809,1.932343498059752,2.864892470223388,4.161336773960778,1.4525280851592661,RADIUS,MEDIUM,NORMAL
17170003,4622656.32575,-87152.9785626,17170,AV DE LA JUILLERIE,Saint-Sauveur-d'Aunis,Charente-Maritime,17,Nouvelle-Aquitaine,75,ROUTE,2.263,2026-09-16 09:37:47+02:00,SP95,143.94103851416668,143.94103851416668,5.997543271423612,CURRENT,46.2265632575,-0.8715297856259999,15.772398706723926,0.0,0.0,0.0,1.0,31.0,VERY_LOW,VERY_ISOLATED,True,2.205212841482554,0.05778715851744609,5.778715851744609,0.6962485259113316,NORMAL,CURRENT,True,BRENT_FX_BRIDGE,2026-09-22,2026-09-11,REMOTE_ISOLATED,REMOTE_ISOLATED,ISOLATION_HEURISTIC,-0.8600108504190358,-1.2671236574453657,0.0,0.1831281328101671,0.5463934870312062,1.2724316479113271,True,HIGH,True,MEDIUM,True,HIGH,True,HIGH,True,HIGH,True,HIGH,-1.1957125246295188,-1.1957125246295188,1.0,1.0,MEDIUM,HIGH,ESTIMATED,DIAGNOSTIC_ONLY,False,False,2.1932557162362585,6.974428376374142,-1.6129433569313616,-2.09682636401077,20.0,20.0,HIGH,NORMAL,HISTORICAL_PANEL,2025-01-31,2026-08-31,20,31,50.0,1.8351108751264444,2.7393175012476956,4.061312127349833,5.139317501247698,1.2654327813512098,RADIUS,MEDIUM,NORMAL
82160002,4423140.0,175828.0,82160,Z.A. le Chirou,Caylus,Tarn-et-Garonne,82,Occitanie,76,ROUTE,2.279,2026-09-15 10:51:39+02:00,SP95,166.70992740305556,166.70992740305556,6.946246975127315,CURRENT,44.2314,1.75828,23.148161613514063,0.0,0.0,0.0,0.0,24.0,VERY_LOW,VERY_ISOLATED,True,2.205212841482554,0.0737871585174461,7.3787158517446105,0.9145637416631851,NORMAL,CURRENT,True,BRENT_FX_BRIDGE,2026-09-22,2026-09-11,REMOTE_ISOLATED,REMOTE_ISOLATED,ISOLATION_HEURISTIC,0.7026384658149324,-0.0966486419989161,0.0,0.1831281328101671,0.5463934870312062,1.2724316479113271,True,HIGH,True,LOW,True,HIGH,True,HIGH,True,HIGH,True,HIGH,1.537411807050899,1.537411807050899,1.0,1.0,LOW,HIGH,ESTIMATED,DIAGNOSTIC_ONLY,False,False,2.2205869595530627,5.841304044693718,1.609155049417527,2.2125881929491,16.0,16.0,MEDIUM,NORMAL,HISTORICAL_PANEL,2025-01-31,2026-08-31,20,23,50.0,0.8418452820709188,2.679704265153804,3.9729295435170293,4.999458762622799,1.2583809271878093,RADIUS,MEDIUM,NORMAL
10500005,4839651.67,452825.6,10500,BOULEVARD NAPOLEON,Brienne-le-Château,Aube,10,Grand Est,44,ROUTE,2.329,2026-09-16 08:32:21+02:00,SP95,145.03159406972222,145.03159406972222,6.042983086238426,CURRENT,48.3965167,4.528256,18.306706221693133,0.0,0.0,0.0,1.0,24.0,VERY_LOW,VERY_ISOLATED,True,2.205212841482554,0.12378715851744637,12.378715851744637,0.8056417404859353,NORMAL,CURRENT,True,BRENT_FX_BRIDGE,2026-09-22,2026-09-11,REMOTE_ISOLATED,REMOTE_ISOLATED,ISOLATION_HEURISTIC,-0.3456273664846724,0.5489649947843503,0.0,0.1831281328101671,0.5463934870312062,1.2724316479113271,True,HIGH,True,MEDIUM,True,HIGH,True,HIGH,True,HIGH,True,HIGH,1.1347596115345606,1.1347596115345606,1.0,1.0,MEDIUM,HIGH,ESTIMATED,DIAGNOSTIC_ONLY,False,False,2.2165604375978996,11.243956240210062,0.3578772218964929,0.4652403884654408,20.0,20.0,HIGH,NORMAL,HISTORICAL_PANEL,2025-01-31,2026-08-31,20,24,50.0,4.315558475728909,3.931916206208408,5.829458967324586,6.928397764481153,1.1885147152276676,RADIUS,MEDIUM,NORMAL
17400002,4594400.0,-50500.0,17400,Rue de la Sacristinerie,Saint-Jean-d'Angély,Charente-Maritime,17,Nouvelle-Aquitaine,75,ROUTE,2.289,2026-09-17 09:03:26+02:00,SP95,120.51353851416667,120.51353851416667,5.021397438090278,CURRENT,45.944,-0.505,19.848179784589473,0.0,0.0,0.0,1.0,24.0,VERY_LOW,VERY_ISOLATED,True,2.205212841482554,0.08378715851744634,8.378715851744634,1.2619504532142933,NORMAL,CURRENT,True,BRENT_FX_BRIDGE,2026-09-22,2026-09-11,REMOTE_ISOLATED,REMOTE_ISOLATED,ISOLATION_HEURISTIC,-0.8600108504190358,-1.2671236574453657,0.0,0.1831281328101671,0.5463934870312062,1.2724316479113271,True,HIGH,True,MEDIUM,True,HIGH,True,HIGH,True,HIGH,True,HIGH,-1.1957125246295188,-1.1957125246295188,1.0,1.0,MEDIUM,HIGH,ESTIMATED,DIAGNOSTIC_ONLY,False,False,2.1932557162362585,9.574428376374167,-0.8109903656695983,-1.0542874753704778,20.0,20.0,HIGH,NORMAL,HISTORICAL_PANEL,2025-01-31,2026-08-31,20,23,50.0,4.73511087512648,3.1126786800413697,4.614857411029335,4.839317501247686,1.048638575415548,RADIUS,MEDIUM,NORMAL
9110001,4273000.0,182100.0,09110,RN 20,Savignac-les-Ormeaux,Ariège,09,Occitanie,76,ROUTE,2.303,2026-09-16 12:04:04+02:00,SP95,141.5029829586111,141.5029829586111,5.895957623275463,CURRENT,42.73,1.821,22.24119803207528,0.0,0.0,0.0,0.0,8.0,VERY_LOW,VERY_ISOLATED,True,2.205212841482554,0.09778715851744613,9.778715851744613,1.4633019866610961,NORMAL,CURRENT,True,BRENT_FX_BRIDGE,2026-09-22,2026-09-11,REMOTE_ISOLATED,REMOTE_ISOLATED,ISOLATION_HEURISTIC,0.7026384658149324,0.3228197472806267,0.0,0.1831281328101671,0.5463934870312062,1.2724316479113271,True,HIGH,True,LOW,True,HIGH,True,HIGH,True,HIGH,True,HIGH,1.9568801963304416,1.9568801963304416,1.0,1.0,LOW,HIGH,ESTIMATED,DIAGNOSTIC_ONLY,False,False,2.224781643445858,7.821835655414189,0.6100921566688886,0.7931198036695553,20.0,20.0,HIGH,NORMAL,HISTORICAL_PANEL,2025-01-31,2026-08-31,20,65,100.0,2.6416530870720933,3.593912777583208,5.328335084044864,5.1801825683420955,0.972195345569314,RADIUS,LOW,NORMAL
60310001,4959000.0,285400.0,60310,Zone Artisanale,Lassigny,Oise,60,Hauts-de-France,32,ROUTE,2.264,2026-09-18 07:47:11+02:00,SP95,97.78437184750001,97.78437184750001,4.0743488269791674,CURRENT,49.59,2.854,19.188619219866542,0.0,0.0,0.0,1.0,32.0,VERY_LOW,VERY_ISOLATED,True,2.205212841482554,0.05878715851744598,5.878715851744598,0.7615218252155007,NORMAL,CURRENT,True,BRENT_FX_BRIDGE,2026-09-22,2026-09-11,REMOTE_ISOLATED,REMOTE_ISOLATED,ISOLATION_HEURISTIC,-0.994229997555222,-0.246968380631983,0.0,0.1831281328101671,0.5463934870312062,1.2724316479113271,True,HIGH,True,MEDIUM,True,HIGH,True,HIGH,True,HIGH,True,HIGH,-0.30977639495232234,-0.30977639495232234,1.0,1.0,MEDIUM,HIGH,ESTIMATED,DIAGNOSTIC_ONLY,False,False,2.2021150775330307,6.188492246696908,-1.3001720038828304,-1.6902236050476795,20.0,20.0,HIGH,NORMAL,HISTORICAL_PANEL,2025-01-31,2026-08-31,20,32,50.0,3.761302793974708,1.7621161175750188,2.6125133559167226,2.4271894527222004,0.9290629834389909,RADIUS,MEDIUM,NORMAL
4240002,4396900.0,666800.0,04240,CD 908 LE CASTAGNERET,Annot,Alpes-de-Haute-Provence,04,Provence-Alpes-Côte d'Azur,93,ROUTE,2.32,2026-09-15 06:15:45+02:00,SP95,171.3082607363889,171.3082607363889,7.137844197349537,OLD,43.969,6.668,17.874144268443946,0.0,0.0,0.0,1.0,24.0,VERY_LOW,VERY_ISOLATED,True,2.205212841482554,0.11478715851744603,11.478715851744603,1.7665234176767879,NORMAL,CURRENT,True,BRENT_FX_BRIDGE,2026-09-22,2026-09-11,REMOTE_ISOLATED,REMOTE_ISOLATED,ISOLATION_HEURISTIC,0.4840232812332575,1.2377777076548218,0.0,0.1831281328101671,0.5463934870312062,1.2724316479113271,True,HIGH,True,LOW,True,HIGH,True,HIGH,True,HIGH,True,HIGH,2.6532229721229617,2.6532229721229617,1.0,1.0,LOW,HIGH,ESTIMATED,DIAGNOSTIC_ONLY,False,False,2.2317450712037834,8.825492879621644,0.7195505411865516,0.9467770278770417,19.0,19.0,HIGH,NORMAL,HISTORICAL_PANEL,2025-01-31,2026-08-31,20,22,50.0,2.4739874463317824,4.637635391170769,6.875758230949782,6.351505433289861,0.923753456702403,RADIUS,MEDIUM,NORMAL
36800001,4663900.0,142500.0,36800,rue des Remparts,Saint-Gaultier,Indre,36,Centre-Val de Loire,24,ROUTE,2.305,2026-09-15 08:36:57+02:00,SP95,168.95492740305554,168.95492740305554,7.03978864179398,OLD,46.639,1.425,21.81497226625106,0.0,0.0,0.0,0.0,18.0,VERY_LOW,VERY_ISOLATED,True,2.205212841482554,0.09978715851744635,9.978715851744635,1.1562698733884544,NORMAL,CURRENT,True,BRENT_FX_BRIDGE,2026-09-22,2026-09-11,REMOTE_ISOLATED,REMOTE_ISOLATED,ISOLATION_HEURISTIC,-0.4802470382897465,-0.1143432614933502,0.0,0.1831281328101671,0.5463934870312062,1.2724316479113271,True,HIGH,True,LOW,True,HIGH,True,HIGH,True,HIGH,True,HIGH,0.33683168345178593,0.33683168345178593,1.0,1.0,LOW,HIGH,ESTIMATED,DIAGNOSTIC_ONLY,False,False,2.2085811583170716,9.641884168292858,0.702437166575546,0.9131683165482098,20.0,20.0,HIGH,NORMAL,HISTORICAL_PANEL,2025-01-31,2026-08-31,20,18,50.0,3.831965620906219,4.35055063151597,6.450126366285577,5.809918547386639,0.9007449183871395,RADIUS,MEDIUM,NORMAL
61140001,4853024.7,-47256.35,61140,ZA Les Fourmis,Rives d'Andaine,Orne,61,Normandie,28,ROUTE,2.279,2026-09-14 17:21:10+02:00,SP95,184.2179829586111,184.2179829586111,7.675749289942129,OLD,48.530247,-0.47256349999999997,18.665623630466293,0.0,0.0,0.0,1.0,37.0,VERY_LOW,VERY_ISOLATED,True,2.205212841482554,0.0737871585174461,7.3787158517446105,0.7782585686268385,NORMAL,CURRENT,True,BRENT_FX_BRIDGE,2026-09-22,2026-09-11,REMOTE_ISOLATED,REMOTE_ISOLATED,ISOLATION_HEURISTIC,-0.9217242291319389,-0.3584762349801542,0.0,0.1831281328101671,0.5463934870312062,1.2724316479113271,True,HIGH,True,MEDIUM,True,HIGH,True,HIGH,True,HIGH,True,HIGH,-0.3487784808772104,-0.3487784808772104,1.0,1.0,MEDIUM,HIGH,ESTIMATED,DIAGNOSTIC_ONLY,False,False,2.201725056673782,7.727494332621809,0.1490838606579117,0.1987784808772156,18.0,18.0,HIGH,NORMAL,HISTORICAL_PANEL,2025-01-31,2026-08-31,20,37,50.0,4.928460724607042,2.4926785086882397,3.695645156981184,2.799033608014767,0.7573870025717456,RADIUS,MEDIUM,NORMAL
18800001,4708200.0,272900.0,18800,PLACE DU CHAMP DE FOIRE,Baugy,Cher,18,Centre-Val de Loire,24,ROUTE,2.299,2026-09-22 00:00:00+02:00,SP95,9.57076073638889,9.57076073638889,0.39878169734953706,CURRENT,47.082,2.729,21.112726793219917,0.0,0.0,0.0,0.0,25.0,VERY_LOW,VERY_ISOLATED,True,2.205212841482554,0.09378715851744612,9.378715851744612,1.0511544303531368,NORMAL,CURRENT,True,BRENT_FX_BRIDGE,2026-09-22,2026-09-11,REMOTE_ISOLATED,REMOTE_ISOLATED,ISOLATION_HEURISTIC,-0.4802470382897465,0.2353846660979385,0.0,0.1831281328101671,0.5463934870312062,1.2724316479113271,True,HIGH,True,MEDIUM,True,HIGH,True,HIGH,True,HIGH,True,HIGH,0.6865596110430746,0.6865596110430746,1.0,1.0,MEDIUM,HIGH,ESTIMATED,DIAGNOSTIC_ONLY,False,False,2.2120784375929845,8.692156240701543,4.081028849254936,5.71344038895691,15.0,15.0,MEDIUM,NORMAL,HISTORICAL_PANEL,2025-01-31,2026-08-31,20,25,50.0,5.767261396777901,2.8971547596854386,4.295321646709631,2.924894843923642,0.6809489683186393,RADIUS,MEDIUM,NORMAL
64490001,4297400.0,-60100.0,64490,LE BOURG,Accous,Pyrénées-Atlantiques,64,Nouvelle-Aquitaine,75,ROUTE,2.289,2026-09-16 15:14:29+02:00,SP95,138.3293718475,138.3293718475,5.763723826979167,CURRENT,42.974,-0.601,20.346265682359398,0.0,0.0,0.0,0.0,21.0,VERY_LOW,VERY_ISOLATED,True,2.205212841482554,0.08378715851744634,8.378715851744634,1.2619504532142933,NORMAL,CURRENT,True,BRENT_FX_BRIDGE,2026-09-22,2026-09-11,REMOTE_ISOLATED,REMOTE_ISOLATED,ISOLATION_HEURISTIC,-0.8600108504190358,0.2374814191406857,0.0,0.1831281328101671,0.5463934870312062,1.2724316479113271,True,HIGH,True,MEDIUM,True,HIGH,True,HIGH,True,HIGH,True,HIGH,0.30889255195653265,0.30889255195653265,1.0,1.0,MEDIUM,HIGH,ESTIMATED,DIAGNOSTIC_ONLY,False,False,2.208301767002119,8.069823299788093,0.4222196057453423,0.5911074480434793,15.0,15.0,MEDIUM,NORMAL,HISTORICAL_PANEL,2025-01-31,2026-08-31,20,20,50.0,4.627284411147836,3.8346505640819872,5.685252926307954,3.4425388886402564,0.6055207979772093,RADIUS,MEDIUM,NORMAL
21270001,4731100.0,541000.0,21270,RUE DE LA GARE,Pontailler-sur-Saône,Côte-d'Or,21,Bourgogne-Franche-Comté,27,ROUTE,2.299,2026-09-22 00:00:00+02:00,SP95,9.57076073638889,9.57076073638889,0.39878169734953706,CURRENT,47.311,5.41,20.071651834296173,0.0,0.0,0.0,0.0,37.0,VERY_LOW,VERY_ISOLATED,True,2.205212841482554,0.09378715851744612,9.378715851744612,0.6423721518824751,NORMAL,CURRENT,True,BRENT_FX_BRIDGE,2026-09-22,2026-09-11,REMOTE_ISOLATED,REMOTE_ISOLATED,ISOLATION_HEURISTIC,0.8001869274196598,1.7127650817585716,0.0,0.1831281328101671,0.5463934870312062,1.2724316479113271,True,HIGH,True,MEDIUM,True,HIGH,True,HIGH,True,HIGH,True,HIGH,3.444373992413114,3.444373992413114,1.0,1.0,MEDIUM,HIGH,ESTIMATED,DIAGNOSTIC_ONLY,False,False,2.239656581406685,5.934341859331482,1.68016516308576,2.45562600758688,13.0,13.0,MEDIUM,NORMAL,HISTORICAL_PANEL,2025-01-31,2026-08-31,20,37,50.0,3.0915352470059165,4.375541353578072,6.487177610814849,2.8428066123255658,0.4382193278609005,RADIUS,MEDIUM,NORMAL
65170002,4282800.0,33300.0,65170,ROUTE DE VIELLE AURE,Bourisp,Hautes-Pyrénées,65,Occitanie,76,ROUTE,2.271,2026-09-17 16:18:53+02:00,SP95,113.25603851416668,113.25603851416668,4.7190016047569445,CURRENT,42.828,0.333,28.145475595533913,0.0,0.0,0.0,0.0,13.0,VERY_LOW,VERY_ISOLATED,True,2.205212841482554,0.0657871585174461,6.57871585174461,0.7316509933305481,NORMAL,CURRENT,True,BRENT_FX_BRIDGE,2026-09-22,2026-09-11,REMOTE_ISOLATED,REMOTE_ISOLATED,ISOLATION_HEURISTIC,0.7026384658149324,0.338106384651376,0.0,0.1831281328101671,0.5463934870312062,1.2724316479113271,True,HIGH,True,LOW,True,HIGH,True,HIGH,True,HIGH,True,HIGH,1.972166833701191,1.972166833701191,1.0,1.0,LOW,HIGH,ESTIMATED,DIAGNOSTIC_ONLY,False,False,2.224934509819566,4.606549018043404,1.9333748747241133,2.5778331662988183,18.0,18.0,HIGH,NORMAL,HISTORICAL_PANEL,2025-01-31,2026-08-31,20,46,100.0,2.9856899911618884,2.5679924583067004,3.807305618685514,1.620859026881516,0.42572338267951376,RADIUS,LOW,NORMAL
22480001,4830669.76252,-316397.737542,22480,CROAS DOM HERRY,Saint-Nicolas-du-Pélem,Côtes-d'Armor,22,Bretagne,53,ROUTE,2.249,2026-09-18 06:47:07+02:00,SP95,98.78548295861111,98.78548295861111,4.11606178994213,CURRENT,48.3066976252,-3.16397737542,19.117261642622815,0.0,0.0,0.0,1.0,31.0,VERY_LOW,VERY_ISOLATED,True,2.205212841482554,0.0437871585174463,4.37871585174463,0.44966050631773347,NORMAL,CURRENT,True,BRENT_FX_BRIDGE,2026-09-22,2026-09-11,REMOTE_ISOLATED,REMOTE_ISOLATED,ISOLATION_HEURISTIC,-1.924831864148168,-1.2264456438693412,0.0,0.1831281328101671,0.5463934870312062,1.2724316479113271,True,HIGH,True,MEDIUM,True,HIGH,True,HIGH,True,HIGH,True,HIGH,-2.2198555247826266,-2.2198555247826266,1.0,1.0,MEDIUM,HIGH,ESTIMATED,DIAGNOSTIC_ONLY,False,False,2.1830142862347275,6.5985713765272624,-1.3693419040133676,-1.7801444752173778,20.0,20.0,HIGH,NORMAL,HISTORICAL_PANEL,2025-01-31,2026-08-31,20,31,50.0,4.871932555320946,2.8991274181789706,4.298246310192141,1.7266388212063166,0.4017077423208751,RADIUS,MEDIUM,NORMAL
17520001,4552800.0,-30400.0,17520,ZA du Tonneau,Archiac,Charente-Maritime,17,Nouvelle-Aquitaine,75,ROUTE,2.248,2026-09-15 09:26:44+02:00,SP95,168.12520518083332,168.12520518083332,7.005216882534722,OLD,45.528,-0.304,17.804981945151155,0.0,0.0,0.0,1.0,17.0,VERY_LOW,VERY_ISOLATED,True,2.205212841482554,0.04278715851744641,4.278715851744641,0.3698820293904021,NORMAL,CURRENT,True,BRENT_FX_BRIDGE,2026-09-22,2026-09-11,REMOTE_ISOLATED,REMOTE_ISOLATED,ISOLATION_HEURISTIC,-0.8600108504190358,-1.2671236574453657,0.0,0.1831281328101671,0.5463934870312062,1.2724316479113271,True,HIGH,True,MEDIUM,True,HIGH,True,HIGH,True,HIGH,True,HIGH,-1.1957125246295188,-1.1957125246295188,1.0,1.0,MEDIUM,HIGH,ESTIMATED,DIAGNOSTIC_ONLY,False,False,2.1932557162362585,5.474428376374174,0.80439424971501,1.045712524629513,20.0,20.0,HIGH,NORMAL,HISTORICAL_PANEL,2025-01-31,2026-08-31,20,17,50.0,3.856604727797297,3.0277400842382285,4.488927448891597,1.617823648576877,0.36040316244726767,RADIUS,MEDIUM,NORMAL
41300001,4742400.0,205300.0,41300,74 BD REPUBLIQUE,Salbris,Loir-et-Cher,41,Centre-Val de Loire,24,ROUTE,2.249,2026-09-14 10:22:11+02:00,SP95,191.20103851416667,191.20103851416667,7.966709938090278,OLD,47.424,2.053,19.4628676663317,0.0,0.0,0.0,1.0,22.0,VERY_LOW,VERY_ISOLATED,True,2.205212841482554,0.0437871585174463,4.37871585174463,0.17519240505886002,NORMAL,CURRENT,True,BRENT_FX_BRIDGE,2026-09-22,2026-09-11,REMOTE_ISOLATED,REMOTE_ISOLATED,ISOLATION_HEURISTIC,-0.4802470382897465,-0.0208768456259032,0.0,0.1831281328101671,0.5463934870312062,1.2724316479113271,True,HIGH,True,LOW,True,HIGH,True,HIGH,True,HIGH,True,HIGH,0.4302980993192329,0.4302980993192329,1.0,1.0,LOW,HIGH,ESTIMATED,DIAGNOSTIC_ONLY,False,False,2.2095158224757463,3.9484177524253816,2.245924538985212,2.919701900680776,20.0,20.0,HIGH,NORMAL,HISTORICAL_PANEL,2025-01-31,2026-08-31,20,22,50.0,3.2217789312191325,1.5034895601467424,2.2290736218735603,0.7266388212062491,0.32598242340488576,RADIUS,MEDIUM,NORMAL
32260002,4349400.0,59400.0,32260,RUE DU VISCONTE,Seissan,Gers,32,Occitanie,76,ROUTE,2.249,2026-09-16 11:03:31+02:00,SP95,142.51214962527777,142.51214962527777,5.938006234386574,CURRENT,43.494,0.594,15.904162164759487,0.0,0.0,0.0,1.0,23.0,VERY_LOW,VERY_ISOLATED,True,2.205212841482554,0.0437871585174463,4.37871585174463,0.22864093541580136,NORMAL,CURRENT,True,BRENT_FX_BRIDGE,2026-09-22,2026-09-11,REMOTE_ISOLATED,REMOTE_ISOLATED,ISOLATION_HEURISTIC,0.7026384658149324,0.1106838424296518,0.0,0.1831281328101671,0.5463934870312062,1.2724316479113271,True,HIGH,True,LOW,True,HIGH,True,HIGH,True,HIGH,True,HIGH,1.7447442914794669,1.7447442914794669,1.0,1.0,LOW,HIGH,ESTIMATED,DIAGNOSTIC_ONLY,False,False,2.2226602843973486,2.633971560265147,-0.111341762676512,-0.1447442914794656,20.0,20.0,HIGH,NORMAL,HISTORICAL_PANEL,2025-01-31,2026-08-31,20,23,50.0,1.5341919757124067,3.008341958944394,4.460167788330958,1.0997795845527403,0.24657807435632134,RADIUS,MEDIUM,NORMAL
53200005,4783000.0,-68600.0,53203,AVENUE GEORGES POMPIDOU,Château-Gontier-sur-Mayenne,Mayenne,53,Pays de la Loire,52,ROUTE,2.239,2026-09-22 01:17:00+02:00,SP95,8.287427403055556,8.287427403055556,0.34530947512731486,CURRENT,47.83,-0.686,20.246445037172506,0.0,0.0,0.0,0.0,31.0,VERY_LOW,VERY_ISOLATED,True,2.205212841482554,0.03378715851744607,3.378715851744607,0.0,NORMAL,CURRENT,True,BRENT_FX_BRIDGE,2026-09-22,2026-09-11,REMOTE_ISOLATED,REMOTE_ISOLATED,ISOLATION_HEURISTIC,-1.1900810238007888,-0.1837643409847446,0.0,0.1831281328101671,0.5463934870312062,1.2724316479113271,True,HIGH,True,MEDIUM,True,HIGH,True,HIGH,True,HIGH,True,HIGH,-0.442423381550651,-0.442423381550651,1.0,1.0,MEDIUM,HIGH,ESTIMATED,DIAGNOSTIC_ONLY,False,False,2.200788607667047,3.8211392332952787,-1.901083869897069,-2.4714090308661896,20.0,20.0,HIGH,NORMAL,HISTORICAL_PANEL,2025-01-31,2026-08-31,20,30,50.0,2.883552068801931,2.925732246109791,4.337690628082377,0.9375871644933476,0.21614892459673635,RADIUS,MEDIUM,NORMAL
36400001,4658200.0,200100.0,36400,AVENUE D'AUVERGNE,La Châtre,Indre,36,Centre-Val de Loire,24,ROUTE,2.254,2026-09-22 08:21:26+02:00,SP95,1.2135385141666666,1.2135385141666666,0.05056410475694444,CURRENT,46.582,2.001,17.256090273963963,0.0,0.0,0.0,1.0,29.0,VERY_LOW,VERY_ISOLATED,True,2.205212841482554,0.048787158517446194,4.878715851744619,0.26278860758828615,NORMAL,CURRENT,True,BRENT_FX_BRIDGE,2026-09-22,2026-09-11,REMOTE_ISOLATED,REMOTE_ISOLATED,ISOLATION_HEURISTIC,-0.4802470382897465,-0.1143432614933502,0.0,0.1831281328101671,0.5463934870312062,1.2724316479113271,True,HIGH,True,LOW,True,HIGH,True,HIGH,True,HIGH,True,HIGH,0.33683168345178593,0.33683168345178593,1.0,1.0,LOW,HIGH,ESTIMATED,DIAGNOSTIC_ONLY,False,False,2.2085811583170716,4.541884168292842,-1.489870525732144,-1.9368316834517876,20.0,20.0,HIGH,NORMAL,HISTORICAL_PANEL,2025-01-31,2026-08-31,20,29,50.0,3.4868458779216294,3.8727017938670283,5.741667679587255,1.055038290371213,0.18375119377286137,RADIUS,MEDIUM,NORMAL
17410001,4619800.0,-135500.0,17410,Route de la Flotte,Saint-Martin-de-Ré,Charente-Maritime,17,Nouvelle-Aquitaine,75,ROUTE,2.199,2026-09-22 08:00:41+02:00,SP95,1.5593718474999998,1.5593718474999998,0.06497382697916666,CURRENT,46.198,-1.355,2.6142952503791013,0.0,2.0,2.0,5.0,23.0,VERY_LOW,LOCAL,False,2.205212841482554,-0.006212841482553966,-0.6212841482553966,-0.6962485259113316,NORMAL,CURRENT,True,BRENT_FX_BRIDGE,2026-09-22,2026-09-11,ROAD_CONNECTED_ISLAND,ILE_RE,OVERRIDE_VILLE,-0.8600108504190358,-1.2671236574453657,0.0,0.1831281328101671,-0.3621688873604664,0.0,True,HIGH,True,MEDIUM,True,HIGH,True,HIGH,True,HIGH,True,INSUFFICIENT,-2.1042748990211915,-2.1042748990211915,1.0,1.0,MEDIUM,INSUFFICIENT,PROVISIONAL,DIAGNOSTIC_ONLY,False,False,2.1841700924923417,1.4829907507658113,-2.958250077675998,-3.845725100978797,20.0,20.0,HIGH,NORMAL,HISTORICAL_PANEL,2025-01-31,2026-08-31,20,23,50.0,0.48299075076583264,3.9363024586299034,5.835962025164695,0.9999999999999787,0.17135135487310818,RADIUS,MEDIUM,NORMAL
86200004,4699700.0,9200.0,86200,FAUBOURG SAINT LAZARE,Loudun,Vienne,86,Nouvelle-Aquitaine,75,ROUTE,2.249,2026-09-16 11:06:00+02:00,SP95,142.47076073638888,142.47076073638888,5.9362816973495365,CURRENT,46.997,0.092,18.533144735157663,0.0,0.0,0.0,1.0,22.0,VERY_LOW,VERY_ISOLATED,True,2.205212841482554,0.0437871585174463,4.37871585174463,0.3916397958251288,NORMAL,CURRENT,True,BRENT_FX_BRIDGE,2026-09-22,2026-09-11,REMOTE_ISOLATED,REMOTE_ISOLATED,ISOLATION_HEURISTIC,-0.8600108504190358,0.0541167712269011,0.0,0.1831281328101671,0.5463934870312062,1.2724316479113271,True,HIGH,True,LOW,True,HIGH,True,HIGH,True,HIGH,True,HIGH,0.12552790404274786,0.12552790404274786,1.0,1.0,LOW,HIGH,ESTIMATED,DIAGNOSTIC_ONLY,False,False,2.2064681205229815,4.253187947701864,-1.6734830031098036,-2.1755279040427444,20.0,20.0,HIGH,NORMAL,HISTORICAL_PANEL,2025-01-31,2026-08-31,20,20,50.0,4.016291753985035,3.7946898436864718,5.626007162249563,0.23689619371682902,0.04210733951893974,RADIUS,MEDIUM,NORMAL
89700001,4785200.0,398500.0,89700,ROUTE DE DIJON,Tonnerre,Yonne,89,Bourgogne-Franche-Comté,27,ROUTE,2.299,2026-09-22 00:00:00+02:00,SP95,9.57076073638889,9.57076073638889,0.39878169734953706,CURRENT,47.852,3.985,16.86566203715512,0.0,0.0,0.0,1.0,40.0,VERY_LOW,VERY_ISOLATED,True,2.205212841482554,0.09378715851744612,9.378715851744612,0.6423721518824751,NORMAL,CURRENT,True,BRENT_FX_BRIDGE,2026-09-22,2026-09-11,REMOTE_ISOLATED,REMOTE_ISOLATED,ISOLATION_HEURISTIC,0.8001869274196598,1.9351230824360304,0.0,0.1831281328101671,0.5463934870312062,1.2724316479113271,True,HIGH,True,MEDIUM,True,HIGH,True,HIGH,True,HIGH,True,HIGH,3.666731993090573,3.666731993090573,1.0,1.0,MEDIUM,HIGH,ESTIMATED,DIAGNOSTIC_ONLY,False,False,2.2418801614134596,5.711983858654035,-1.3212596313385931,-1.8167319930905657,16.0,16.0,MEDIUM,NORMAL,HISTORICAL_PANEL,2025-01-31,2026-08-31,20,40,50.0,5.711983858654035,3.230339428889728,4.789301237271911,0.0,0.0,RADIUS,MEDIUM,NORMAL
17630001,4617900.0,-132800.0,17630,Rue Caillotière,La Flotte,Charente-Maritime,17,Nouvelle-Aquitaine,75,ROUTE,2.189,2026-09-16 09:39:12+02:00,SP95,143.91742740305557,143.91742740305557,5.996559475127316,CURRENT,46.179,-1.328,2.963682662802523,0.0,2.0,2.0,7.0,21.0,VERY_LOW,LOCAL,False,2.205212841482554,-0.016212841482553753,-1.6212841482553753,-0.9138261902586178,NORMAL,CURRENT,True,BRENT_FX_BRIDGE,2026-09-22,2026-09-11,ROAD_CONNECTED_ISLAND,ILE_RE,OVERRIDE_VILLE,-0.8600108504190358,-1.2671236574453657,0.0,0.1831281328101671,-0.3621688873604664,0.0,True,HIGH,True,MEDIUM,True,HIGH,True,HIGH,True,HIGH,True,INSUFFICIENT,-2.1042748990211915,-2.1042748990211915,1.0,1.0,MEDIUM,INSUFFICIENT,PROVISIONAL,DIAGNOSTIC_ONLY,False,False,2.1841700924923417,0.48299075076583264,-3.1505577699837035,-4.095725100978815,20.0,20.0,HIGH,NORMAL,HISTORICAL_PANEL,2025-01-31,2026-08-31,20,21,50.0,0.5142285429197813,3.967540250783852,5.882275175812139,-0.031237792153948618,-0.005310494871507904,RADIUS,MEDIUM,NORMAL
38260007,4539300.0,524700.0,38260,36 avenue Aristide Briand,La Côte-Saint-André,Isère,38,Auvergne-Rhône-Alpes,84,ROUTE,2.229,2026-09-21 10:31:54+02:00,SP95,23.039094069722225,23.039094069722225,0.9599622529050927,CURRENT,45.393,5.247,17.166268366911897,0.0,0.0,0.0,1.0,63.0,VERY_LOW,VERY_ISOLATED,True,2.205212841482554,0.023787158517446283,2.3787158517446283,-0.22483025315885843,NORMAL,CURRENT,True,BRENT_FX_BRIDGE,2026-09-22,2026-09-11,REMOTE_ISOLATED,REMOTE_ISOLATED,ISOLATION_HEURISTIC,1.161602359880329,-0.6498626816490286,0.0,0.1831281328101671,0.5463934870312062,1.2724316479113271,True,HIGH,True,MEDIUM,True,HIGH,True,HIGH,True,HIGH,True,HIGH,1.443161661466183,1.443161661466183,1.0,1.0,MEDIUM,HIGH,ESTIMATED,DIAGNOSTIC_ONLY,False,False,2.2196444580972154,0.9355541902784648,-1.2853090351572285,-1.6709017457043966,20.0,20.0,HIGH,NORMAL,HISTORICAL_PANEL,2025-01-31,2026-08-31,20,63,50.0,1.107814106040239,3.1843330097333755,4.721092120230702,-0.17225991576177435,-0.03648730238149995,RADIUS,MEDIUM,NORMAL
51303001,4873100.0,460000.0,51300,Route de Vitry en Perthois,Vitry-le-François,Marne,51,Grand Est,44,ROUTE,2.261,2026-09-22 01:16:00+02:00,SP95,8.304094069722222,8.304094069722222,0.34600391957175924,CURRENT,48.731,4.6,26.182354764542676,0.0,0.0,0.0,0.0,12.0,VERY_LOW,VERY_ISOLATED,True,2.205212841482554,0.05578715851744631,5.578715851744631,-0.4683963607476335,NORMAL,CURRENT,True,BRENT_FX_BRIDGE,2026-09-22,2026-09-11,REMOTE_ISOLATED,REMOTE_ISOLATED,ISOLATION_HEURISTIC,-0.3456273664846724,-0.209144939513095,0.0,0.1831281328101671,0.5463934870312062,1.2724316479113271,True,HIGH,True,LOW,True,HIGH,True,HIGH,True,HIGH,True,HIGH,0.3766496772371153,0.3766496772371153,1.0,1.0,LOW,HIGH,ESTIMATED,DIAGNOSTIC_ONLY,False,False,2.2089793382549248,5.202066174507536,-2.3281920594131544,-3.026649677237101,20.0,20.0,HIGH,NORMAL,HISTORICAL_PANEL,2025-01-31,2026-08-31,20,79,100.0,5.517317419003787,3.2276052131914756,4.7852474890776815,-0.31525124449625075,-0.06587982026338474,RADIUS,LOW,NORMAL
18300006,4732481.951378,282385.87922202,18300,220 ROUTE DE BOURGES,Sancerre,Cher,18,Centre-Val de Loire,24,ROUTE,2.265,2026-09-18 07:55:51+02:00,SP95,97.63992740305557,97.63992740305557,4.068330308460649,CURRENT,47.32481951378,2.8238587922201996,20.512187863632004,0.0,0.0,0.0,0.0,22.0,VERY_LOW,VERY_ISOLATED,True,2.205212841482554,0.059787158517446315,5.9787158517446315,0.4555002531530299,NORMAL,CURRENT,True,BRENT_FX_BRIDGE,2026-09-22,2026-09-11,REMOTE_ISOLATED,REMOTE_ISOLATED,ISOLATION_HEURISTIC,-0.4802470382897465,0.2353846660979385,0.0,0.1831281328101671,0.5463934870312062,1.2724316479113271,True,HIGH,True,MEDIUM,True,HIGH,True,HIGH,True,HIGH,True,HIGH,0.6865596110430746,0.6865596110430746,1.0,1.0,MEDIUM,HIGH,ESTIMATED,DIAGNOSTIC_ONLY,False,False,2.2120784375929845,5.292156240701562,7.786155971806614,10.1220027633486,20.0,20.0,HIGH,ELEVATED,HISTORICAL_PANEL,2025-01-31,2026-08-31,20,22,50.0,5.767261396777901,4.586609018612076,6.800106530994263,-0.47510515607633863,-0.06986731074150865,RADIUS,MEDIUM,NORMAL
54480001,4857900.0,694300.0,54480,1.RUE DU PARTERRE,Cirey-sur-Vezouze,Meurthe-et-Moselle,54,Grand Est,44,ROUTE,2.299,2026-09-20 08:36:52+02:00,SP95,48.95631629194444,48.95631629194444,2.0398465121643516,CURRENT,48.579,6.943,20.12511499757455,0.0,0.0,0.0,0.0,27.0,VERY_LOW,VERY_ISOLATED,True,2.205212841482554,0.09378715851744612,9.378715851744612,0.24356610758876843,NORMAL,CURRENT,True,BRENT_FX_BRIDGE,2026-09-22,2026-09-11,REMOTE_ISOLATED,REMOTE_ISOLATED,ISOLATION_HEURISTIC,-0.3456273664846724,0.8978392894679279,0.0,0.1831281328101671,0.5463934870312062,1.2724316479113271,True,HIGH,True,MEDIUM,True,HIGH,True,HIGH,True,HIGH,True,HIGH,1.4836339062181383,1.4836339062181383,1.0,1.0,MEDIUM,HIGH,ESTIMATED,DIAGNOSTIC_ONLY,False,False,2.220049180544735,7.895081945526483,2.7048969952168034,3.516366093781844,20.0,20.0,HIGH,NORMAL,HISTORICAL_PANEL,2025-01-31,2026-08-31,20,27,50.0,10.086230960257048,5.583687903370871,8.278375685537652,-2.1911490147305646,-0.26468344732874455,RADIUS,MEDIUM,NORMAL
3120001,4624800.0,363000.0,03120,94 RUE PRESIDENT ROOSEVELT,Lapalisse,Allier,03,Auvergne-Rhône-Alpes,84,ROUTE,2.24,2026-09-17 10:16:20+02:00,SP95,119.29853851416668,119.29853851416668,4.970772438090278,CURRENT,46.248,3.63,16.77293228277339,0.0,0.0,0.0,1.0,34.0,VERY_LOW,VERY_ISOLATED,True,2.205212841482554,0.034787158517446404,3.4787158517446404,0.02248302531589383,NORMAL,CURRENT,True,BRENT_FX_BRIDGE,2026-09-22,2026-09-11,REMOTE_ISOLATED,REMOTE_ISOLATED,ISOLATION_HEURISTIC,1.161602359880329,0.2719365659721182,0.0,0.1831281328101671,0.5463934870312062,1.2724316479113271,True,HIGH,True,MEDIUM,True,HIGH,True,HIGH,True,HIGH,True,HIGH,2.36496090908733,2.36496090908733,1.0,1.0,MEDIUM,HIGH,ESTIMATED,DIAGNOSTIC_ONLY,False,False,2.228862450573427,1.11375494265733,-0.3126142574581927,-0.4063985346956504,20.0,20.0,HIGH,NORMAL,HISTORICAL_PANEL,2025-01-31,2026-08-31,20,34,50.0,2.698630294122073,3.2024906311635792,4.748012609763122,-1.584875351464743,-0.3337976289712955,RADIUS,MEDIUM,NORMAL
32190001,4375500.0,29500.0,32190,ROCADE SUD,Vic-Fezensac,Gers,32,Occitanie,76,ROUTE,2.239,2026-09-17 10:59:17+02:00,SP95,118.58270518083334,118.58270518083334,4.940946049201389,CURRENT,43.755,0.295,26.593244493581878,0.0,0.0,0.0,0.0,13.0,VERY_LOW,VERY_ISOLATED,True,2.205212841482554,0.03378715851744607,3.378715851744607,0.0,NORMAL,CURRENT,True,BRENT_FX_BRIDGE,2026-09-22,2026-09-11,REMOTE_ISOLATED,REMOTE_ISOLATED,ISOLATION_HEURISTIC,0.7026384658149324,0.1106838424296518,0.0,0.1831281328101671,0.5463934870312062,1.2724316479113271,True,HIGH,True,LOW,True,HIGH,True,HIGH,True,HIGH,True,HIGH,1.7447442914794669,1.7447442914794669,1.0,1.0,LOW,HIGH,ESTIMATED,DIAGNOSTIC_ONLY,False,False,2.2226602843973486,1.633971560265124,-0.4900056615243858,-0.644744291479455,19.0,19.0,HIGH,NORMAL,HISTORICAL_PANEL,2025-01-31,2026-08-31,20,129,100.0,3.0420832155498623,2.550285697783483,3.7810535755337917,-1.4081116552847384,-0.372412510734114,RADIUS,LOW,NORMAL
12210001,4468500.0,285100.0,12210,Rue Lavernhe,Laguiole,Aveyron,12,Occitanie,76,ROUTE,2.229,2026-09-18 07:34:01+02:00,SP95,98.00381629194445,98.00381629194445,4.083492345497685,CURRENT,44.685,2.851,19.313887767331234,0.0,0.0,0.0,1.0,37.0,VERY_LOW,VERY_ISOLATED,True,2.205212841482554,0.023787158517446283,2.3787158517446283,-0.2286409354157912,NORMAL,CURRENT,True,BRENT_FX_BRIDGE,2026-09-22,2026-09-11,REMOTE_ISOLATED,REMOTE_ISOLATED,ISOLATION_HEURISTIC,0.7026384658149324,0.0834807777628596,0.0,0.1831281328101671,0.5463934870312062,1.2724316479113271,True,HIGH,True,MEDIUM,True,HIGH,True,HIGH,True,HIGH,True,HIGH,1.7175412268126746,1.7175412268126746,1.0,1.0,MEDIUM,HIGH,ESTIMATED,DIAGNOSTIC_ONLY,False,False,2.2223882537506805,0.6611746249319594,-0.4365701744712832,-0.5675412268126682,20.0,20.0,HIGH,NORMAL,HISTORICAL_PANEL,2025-01-31,2026-08-31,20,36,50.0,2.0791786267796653,2.499999999999991,3.706499999999987,-1.4180040018477058,-0.3825722384588455,RADIUS,MEDIUM,NORMAL
80340004,4993969.75,271766.2,80340,3 rue Castel,Bray-sur-Somme,Somme,80,Hauts-de-France,32,ROUTE,2.209,2026-09-21 09:14:09+02:00,SP95,24.33492740305556,24.33492740305556,1.0139553084606483,CURRENT,49.9396975,2.7176620000000002,15.27820770117268,0.0,0.0,0.0,1.0,22.0,VERY_LOW,VERY_ISOLATED,True,2.205212841482554,0.003787158517446265,0.3787158517446265,-0.43515532869457596,NORMAL,CURRENT,True,BRENT_FX_BRIDGE,2026-09-22,2026-09-11,REMOTE_ISOLATED,REMOTE_ISOLATED,ISOLATION_HEURISTIC,-0.994229997555222,-0.3144783558347319,0.0,0.1831281328101671,0.5463934870312062,1.2724316479113271,True,HIGH,True,MEDIUM,True,HIGH,True,HIGH,True,HIGH,True,HIGH,-0.3772863701550714,-0.3772863701550714,1.0,1.0,MEDIUM,HIGH,ESTIMATED,DIAGNOSTIC_ONLY,False,False,2.201439977781003,0.7560022218997098,-2.78670279218841,-3.622713629844933,20.0,20.0,HIGH,NORMAL,HISTORICAL_PANEL,2025-01-31,2026-08-31,20,22,50.0,3.244054878440439,3.735640056558953,5.538459947854304,-2.488052656540729,-0.4492318586694202,RADIUS,MEDIUM,NORMAL
86220001,4693511.0,60576.0,86220,RN10,Dangé-Saint-Romain,Vienne,86,Nouvelle-Aquitaine,75,ROUTE,2.229,2026-09-09 15:49:46+02:00,SP95,305.74131629194443,305.74131629194443,12.73922151216435,OLD,46.93511,0.60576,22.704501529079078,0.0,0.0,0.0,0.0,28.0,VERY_LOW,VERY_ISOLATED,True,2.205212841482554,0.023787158517446283,2.3787158517446283,-0.04351553286945339,NORMAL,CURRENT,True,BRENT_FX_BRIDGE,2026-09-22,2026-09-11,REMOTE_ISOLATED,REMOTE_ISOLATED,ISOLATION_HEURISTIC,-0.8600108504190358,0.0541167712269011,0.0,0.1831281328101671,0.5463934870312062,1.2724316479113271,True,HIGH,True,LOW,True,HIGH,True,HIGH,True,HIGH,True,HIGH,0.12552790404274786,0.12552790404274786,1.0,1.0,LOW,HIGH,ESTIMATED,DIAGNOSTIC_ONLY,False,False,2.2064681205229815,2.2531879477018624,0.6023342079607112,0.7830344703489246,20.0,20.0,HIGH,NORMAL,HISTORICAL_PANEL,2025-01-31,2026-08-31,20,26,50.0,5.8655628781864255,3.7499999999999867,5.55974999999998,-3.612374930484563,-0.6497369361004679,RADIUS,MEDIUM,NORMAL
47700001,4431400.0,8100.0,47700,3 rue henri iv,Casteljaloux,Lot-et-Garonne,47,Nouvelle-Aquitaine,75,ROUTE,2.229,2026-09-21 08:57:30+02:00,SP95,24.61242740305556,24.61242740305556,1.0255178084606482,CURRENT,44.314,0.081,19.79499171184716,0.0,0.0,0.0,1.0,30.0,VERY_LOW,VERY_ISOLATED,True,2.205212841482554,0.023787158517446283,2.3787158517446283,-0.04351553286945339,NORMAL,CURRENT,True,BRENT_FX_BRIDGE,2026-09-22,2026-09-11,REMOTE_ISOLATED,REMOTE_ISOLATED,ISOLATION_HEURISTIC,-0.8600108504190358,-0.4128042786427717,0.0,0.1831281328101671,0.5463934870312062,1.2724316479113271,True,HIGH,True,MEDIUM,True,HIGH,True,HIGH,True,HIGH,True,HIGH,-0.3413931458269249,-0.3413931458269249,1.0,1.0,MEDIUM,HIGH,ESTIMATED,DIAGNOSTIC_ONLY,False,False,2.2017989100242845,2.7201089975715576,-0.88464959983185,-1.150044479781405,20.0,20.0,HIGH,NORMAL,HISTORICAL_PANEL,2025-01-31,2026-08-31,20,29,50.0,4.556604727797309,1.5869029149329972,2.3527422616796616,-1.8364957302257512,-0.780576674350486,RADIUS,MEDIUM,NORMAL
85200001,4645200.0,-80600.0,85200,ROUTE DE LA ROCHELLE,Fontenay-le-Comte,Vendée,85,Pays de la Loire,52,ROUTE,2.195,2026-09-21 07:21:30+02:00,SP95,26.212427403055557,26.212427403055557,1.0921844751273149,CURRENT,46.452,-0.806,18.636242774923367,0.0,0.0,0.0,1.0,32.0,VERY_LOW,VERY_ISOLATED,True,2.205212841482554,-0.01021284148255397,-1.021284148255397,-0.7419398354242547,NORMAL,CURRENT,True,BRENT_FX_BRIDGE,2026-09-22,2026-09-11,REMOTE_ISOLATED,REMOTE_ISOLATED,ISOLATION_HEURISTIC,-1.1900810238007888,0.7231463493907342,0.0,0.1831281328101671,0.5463934870312062,1.2724316479113271,True,HIGH,True,MEDIUM,True,HIGH,True,HIGH,True,HIGH,True,HIGH,0.464487308824828,0.464487308824828,1.0,1.0,MEDIUM,HIGH,ESTIMATED,DIAGNOSTIC_ONLY,False,False,2.209857714570802,-1.4857714570802205,-2.588067160634485,-3.3644873088248306,20.0,20.0,HIGH,NORMAL,HISTORICAL_PANEL,2025-01-31,2026-08-31,20,32,50.0,1.8351108751264444,2.750000000000008,4.077150000000012,-3.320882332206665,-0.8145107077754449,RADIUS,MEDIUM,NORMAL
21510001,4766400.0,473000.0,21510,9 Rue d'Archeron,Aignay-le-Duc,Côte-d'Or,21,Bourgogne-Franche-Comté,27,ROUTE,2.249,2026-09-22 00:00:00+02:00,SP95,9.57076073638889,9.57076073638889,0.39878169734953706,CURRENT,47.664,4.73,24.431247102182805,0.0,0.0,0.0,0.0,34.0,VERY_LOW,VERY_ISOLATED,True,2.205212841482554,0.0437871585174463,4.37871585174463,-0.9635582278237055,NORMAL,CURRENT,True,BRENT_FX_BRIDGE,2026-09-22,2026-09-11,REMOTE_ISOLATED,REMOTE_ISOLATED,ISOLATION_HEURISTIC,0.8001869274196598,1.7127650817585716,0.0,0.1831281328101671,0.5463934870312062,1.2724316479113271,True,HIGH,True,MEDIUM,True,HIGH,True,HIGH,True,HIGH,True,HIGH,3.444373992413114,3.444373992413114,1.0,1.0,MEDIUM,HIGH,ESTIMATED,DIAGNOSTIC_ONLY,False,False,2.239656581406685,0.9343418593315,2.173938205310813,3.105626007586876,14.0,14.0,MEDIUM,NORMAL,HISTORICAL_PANEL,2025-01-31,2026-08-31,20,34,50.0,5.227793316798013,3.534729913196233,5.240590569304735,-4.293451457466513,-0.8192686302597613,RADIUS,MEDIUM,NORMAL
55800002,4882500.0,499300.0,55800,30 rue de la tresse,Revigny-sur-Ornain,Meuse,55,Grand Est,44,ROUTE,2.225,2026-09-21 12:18:08+02:00,SP95,21.268538514166668,21.268538514166668,0.8861891047569445,CURRENT,48.825,4.993,19.72853120287203,0.0,0.0,0.0,1.0,13.0,VERY_LOW,VERY_ISOLATED,True,2.205212841482554,0.01978715851744628,1.978715851744628,-1.1428871202242288,NORMAL,CURRENT,True,BRENT_FX_BRIDGE,2026-09-22,2026-09-11,REMOTE_ISOLATED,REMOTE_ISOLATED,ISOLATION_HEURISTIC,-0.3456273664846724,0.1997528759578892,0.0,0.1831281328101671,0.5463934870312062,1.2724316479113271,True,HIGH,True,LOW,True,HIGH,True,HIGH,True,HIGH,True,HIGH,0.7855474927080994,0.7855474927080994,1.0,1.0,LOW,HIGH,ESTIMATED,DIAGNOSTIC_ONLY,False,False,2.2130683164096348,1.1931683590365338,-1.1811903790062266,-1.5355474927080943,20.0,20.0,HIGH,NORMAL,HISTORICAL_PANEL,2025-01-31,2026-08-31,20,85,100.0,5.517317419003787,3.4777645265227086,5.156133687022567,-4.324149059967253,-0.8386417657964668,RADIUS,LOW,NORMAL
85690001,4683042.5422233,-212753.41796875,85690,Route du Fief Noumois,Notre-Dame-de-Monts,Vendée,85,Pays de la Loire,52,ROUTE,2.198,2026-09-21 14:50:07+02:00,SP95,18.73548295861111,18.73548295861111,0.780645123275463,CURRENT,46.830425422233,-2.1275341796875,20.371736087012998,0.0,0.0,0.0,0.0,11.0,VERY_LOW,VERY_ISOLATED,True,2.205212841482554,-0.007212841482553856,-0.7212841482553856,-0.6913530284635082,NORMAL,CURRENT,True,BRENT_FX_BRIDGE,2026-09-22,2026-09-11,REMOTE_ISOLATED,REMOTE_ISOLATED,ISOLATION_HEURISTIC,-1.1900810238007888,0.7231463493907342,0.0,0.1831281328101671,0.5463934870312062,1.2724316479113271,True,HIGH,True,MEDIUM,True,HIGH,True,HIGH,True,HIGH,True,HIGH,0.464487308824828,0.464487308824828,1.0,1.0,MEDIUM,HIGH,ESTIMATED,DIAGNOSTIC_ONLY,False,False,2.209857714570802,-1.1857714570802091,-2.633010354706871,-3.4644873088248307,19.0,19.0,HIGH,NORMAL,HISTORICAL_PANEL,2025-01-31,2026-08-31,20,80,100.0,3.346434642163354,3.423112114142368,5.075106020427475,-4.532206099243563,-0.8930268808181108,RADIUS,LOW,NORMAL
17480003,4587927.3256827,-121961.29659261,17480,Lieu dit la Beaucousière,Le Château-d'Oléron,Charente-Maritime,17,Nouvelle-Aquitaine,75,ROUTE,2.19,2026-09-21 09:08:14+02:00,SP95,24.433538514166667,24.433538514166667,1.0180641047569445,CURRENT,45.879273256827,-1.2196129659261,4.8865503263353185,0.0,1.0,2.0,5.0,18.0,VERY_LOW,ISOLATED,False,2.205212841482554,-0.015212841482553863,-1.5212841482553863,-0.8920684238238911,NORMAL,CURRENT,True,BRENT_FX_BRIDGE,2026-09-22,2026-09-11,ROAD_CONNECTED_ISLAND,ILE_OLERON,OVERRIDE_VILLE,-0.8600108504190358,-1.2671236574453657,0.0,0.1831281328101671,-0.0610676243285196,0.0,True,HIGH,True,MEDIUM,True,HIGH,True,HIGH,True,HIGH,True,INSUFFICIENT,-1.8031736359892447,-1.8031736359892447,1.0,1.0,MEDIUM,INSUFFICIENT,PROVISIONAL,DIAGNOSTIC_ONLY,False,False,2.1871811051226615,0.28188948773384404,-3.308120707454326,-4.300556919690624,20.0,20.0,HIGH,NORMAL,HISTORICAL_PANEL,2025-01-31,2026-08-31,20,18,50.0,5.774428376374141,4.049999999999976,6.0045299999999635,-5.492538888640297,-0.9147325250503088,RADIUS,MEDIUM,NORMAL
17310004,4594300.0,-132100.0,17310,2 Route des Mirouelles,Saint-Pierre-d'Oléron,Charente-Maritime,17,Nouvelle-Aquitaine,75,ROUTE,2.19,2026-09-21 09:07:46+02:00,SP95,24.441316291944446,24.441316291944446,1.0183881788310185,CURRENT,45.943,-1.321,10.570741758934783,0.0,0.0,0.0,3.0,18.0,VERY_LOW,VERY_ISOLATED,True,2.205212841482554,-0.015212841482553863,-1.5212841482553863,-0.8920684238238911,NORMAL,CURRENT,True,BRENT_FX_BRIDGE,2026-09-22,2026-09-11,ROAD_CONNECTED_ISLAND,ILE_OLERON,OVERRIDE_VILLE,-0.8600108504190358,-1.2671236574453657,0.0,0.1831281328101671,0.5463934870312062,0.0,True,HIGH,True,MEDIUM,True,HIGH,True,HIGH,True,HIGH,True,INSUFFICIENT,-1.1957125246295188,-1.1957125246295188,1.0,1.0,MEDIUM,INSUFFICIENT,PROVISIONAL,DIAGNOSTIC_ONLY,False,False,2.1932557162362585,-0.32557162362585323,-3.310990365669605,-4.304287475370487,20.0,20.0,HIGH,NORMAL,HISTORICAL_PANEL,2025-01-31,2026-08-31,20,18,50.0,5.774428376374141,4.049999999999976,6.0045299999999635,-6.099999999999994,-1.0158996624215437,RADIUS,MEDIUM,NORMAL
6260002,4395475.5139463,689044.101879,06260,RN 202 Quartier St-Roch,Puget-Théniers,Alpes-Maritimes,06,Provence-Alpes-Côte d'Azur,93,ROUTE,2.199,2026-09-17 11:28:56+02:00,SP95,118.08853851416667,118.08853851416667,4.920355771423611,CURRENT,43.954755139463,6.89044101879,17.874144268443946,0.0,0.0,0.0,1.0,30.0,VERY_LOW,VERY_ISOLATED,True,2.205212841482554,-0.006212841482553966,-0.6212841482553966,-0.8243775949158407,NORMAL,CURRENT,True,BRENT_FX_BRIDGE,2026-09-22,2026-09-11,REMOTE_ISOLATED,REMOTE_ISOLATED,ISOLATION_HEURISTIC,0.4840232812332575,0.6130484899963305,0.0,0.1831281328101671,0.5463934870312062,1.2724316479113271,True,HIGH,True,MEDIUM,True,HIGH,True,HIGH,True,HIGH,True,HIGH,2.0284937544644706,2.0284937544644706,1.0,1.0,MEDIUM,HIGH,ESTIMATED,DIAGNOSTIC_ONLY,False,False,2.2254977790271986,-2.6497779027198742,-1.5416552533929977,-2.0284937544644706,19.0,19.0,HIGH,NORMAL,HISTORICAL_PANEL,2025-01-31,2026-08-31,20,28,50.0,4.807108651638714,4.845718812804178,7.184262711863474,-7.456886554358588,-1.0379473654331886,RADIUS,MEDIUM,NORMAL
24600004,4525408.3456596,34896.174452362,24600,ROUTE DE PERIGUEUX,Ribérac,Dordogne,24,Nouvelle-Aquitaine,75,ROUTE,2.199,2026-09-22 08:46:15+02:00,SP95,0.7999274030555555,0.7999274030555555,0.03333030846064815,CURRENT,45.254083456596,0.34896174452362,20.067351782760394,0.0,0.0,0.0,0.0,36.0,VERY_LOW,VERY_ISOLATED,True,2.205212841482554,-0.006212841482553966,-0.6212841482553966,-0.6962485259113316,NORMAL,CURRENT,True,BRENT_FX_BRIDGE,2026-09-22,2026-09-11,REMOTE_ISOLATED,REMOTE_ISOLATED,ISOLATION_HEURISTIC,-0.8600108504190358,0.3078418965451022,0.0,0.1831281328101671,0.5463934870312062,1.2724316479113271,True,HIGH,True,MEDIUM,True,HIGH,True,HIGH,True,HIGH,True,HIGH,0.37925302936094907,0.37925302936094907,1.0,1.0,MEDIUM,HIGH,ESTIMATED,DIAGNOSTIC_ONLY,False,False,2.2090053717761635,-1.0005371776163674,-2.312990806441187,-3.0068880483735425,20.0,20.0,HIGH,NORMAL,HISTORICAL_PANEL,2025-01-31,2026-08-31,20,36,50.0,3.7647143644873315,2.7686424262821197,4.1047892612058705,-4.765251542103699,-1.1609004114144956,RADIUS,MEDIUM,NORMAL
11390001,4296000.0,252900.0,11330,"1, impasse des Corbières",Mouthoumet,Aude,11,Occitanie,76,ROUTE,2.207,2026-09-11 10:06:11+02:00,SP95,263.4677051808333,263.4677051808333,10.977821049201388,OLD,42.96,2.529,19.987468280718172,0.0,0.0,0.0,1.0,26.0,VERY_LOW,VERY_ISOLATED,True,2.205212841482554,0.0017871585174460414,0.17871585174460414,-0.7316509933305481,NORMAL,CURRENT,True,BRENT_FX_BRIDGE,2026-09-22,2026-09-11,REMOTE_ISOLATED,REMOTE_ISOLATED,ISOLATION_HEURISTIC,0.7026384658149324,0.1900115767460126,0.0,0.1831281328101671,0.5463934870312062,1.2724316479113271,True,HIGH,True,LOW,True,HIGH,True,HIGH,True,HIGH,True,HIGH,1.8240720257958276,1.8240720257958276,1.0,1.0,LOW,HIGH,ESTIMATED,DIAGNOSTIC_ONLY,False,False,2.223453561740512,-1.6453561740512157,6.206945980653128,8.275927974204171,18.0,18.0,HIGH,ELEVATED,HISTORICAL_PANEL,2025-01-31,2026-08-31,20,26,50.0,4.933937702893165,3.4499999999999975,5.114969999999996,-6.579293876944381,-1.2862820069217191,RADIUS,MEDIUM,NORMAL
51310001,4872200.0,355300.0,51310,100 Rue des Limonières,Esternay,Marne,51,Grand Est,44,ROUTE,2.209,2026-09-21 09:15:43+02:00,SP95,24.308816291944446,24.308816291944446,1.0128673454976853,CURRENT,48.722,3.553,15.245056367667845,0.0,0.0,0.0,1.0,20.0,VERY_LOW,VERY_ISOLATED,True,2.205212841482554,0.003787158517446265,0.3787158517446265,-1.4426607911027156,NORMAL,CURRENT,True,BRENT_FX_BRIDGE,2026-09-22,2026-09-11,REMOTE_ISOLATED,REMOTE_ISOLATED,ISOLATION_HEURISTIC,-0.3456273664846724,-0.209144939513095,0.0,0.1831281328101671,0.5463934870312062,1.2724316479113271,True,HIGH,True,LOW,True,HIGH,True,HIGH,True,HIGH,True,HIGH,0.3766496772371153,0.3766496772371153,1.0,1.0,LOW,HIGH,ESTIMATED,DIAGNOSTIC_ONLY,False,False,2.2089793382549248,0.0020661745075312155,-0.3281920594131612,-0.4266496772371096,20.0,20.0,HIGH,NORMAL,HISTORICAL_PANEL,2025-01-31,2026-08-31,20,20,50.0,5.611276650011288,2.7347476394470327,4.054536850244171,-5.609210475503756,-1.3834404970732874,RADIUS,MEDIUM,NORMAL
81700006,4356619.3463721,200496.97250702,81700,483 Route de revel,Puylaurens,Tarn,81,Occitanie,76,ROUTE,2.199,2026-09-10 07:51:43+02:00,SP95,289.70881629194446,289.70881629194446,12.071200678831019,OLD,43.56619346372099,2.0049697250702,18.2681739932375,0.0,0.0,0.0,1.0,44.0,VERY_LOW,VERY_ISOLATED,True,2.205212841482554,-0.006212841482553966,-0.6212841482553966,-0.9145637416631851,NORMAL,CURRENT,True,BRENT_FX_BRIDGE,2026-09-22,2026-09-11,REMOTE_ISOLATED,REMOTE_ISOLATED,ISOLATION_HEURISTIC,0.7026384658149324,0.5028101206238526,0.0,0.1831281328101671,0.5463934870312062,1.2724316479113271,True,HIGH,True,MEDIUM,True,HIGH,True,HIGH,True,HIGH,True,HIGH,2.1368705696736674,2.1368705696736674,1.0,1.0,MEDIUM,HIGH,ESTIMATED,DIAGNOSTIC_ONLY,False,False,2.2265815471792907,-2.7581547179290844,-2.951438899748976,-3.836870569673669,20.0,20.0,HIGH,NORMAL,HISTORICAL_PANEL,2025-01-31,2026-08-31,20,42,50.0,2.5878693582971124,2.48300320681214,3.6813005544196784,-5.346024076226197,-1.4522107057539468,RADIUS,MEDIUM,NORMAL
45300003,4818391.0,225072.0,45300,Avenue du 11 Novembre,Pithiviers,Loiret,45,Centre-Val de Loire,24,ROUTE,2.175,2026-09-09 08:40:00+02:00,SP95,312.9040940697222,312.9040940697222,13.037670586238425,OLD,48.18391,2.25072,16.320944493591227,0.0,0.0,0.0,1.0,38.0,VERY_LOW,VERY_ISOLATED,True,2.205212841482554,-0.030212841482553987,-3.0212841482553987,-1.1212313923766792,NORMAL,CURRENT,True,BRENT_FX_BRIDGE,2026-09-22,2026-09-11,REMOTE_ISOLATED,REMOTE_ISOLATED,ISOLATION_HEURISTIC,-0.4802470382897465,-0.059653690934732,0.0,0.1831281328101671,0.5463934870312062,1.2724316479113271,True,HIGH,True,MEDIUM,True,HIGH,True,HIGH,True,HIGH,True,HIGH,0.39152125401040416,0.39152125401040416,1.0,1.0,MEDIUM,HIGH,ESTIMATED,DIAGNOSTIC_ONLY,False,False,2.2091280540226577,-3.412805402265784,-0.1088625030849303,-0.1415212540104094,20.0,20.0,HIGH,NORMAL,HISTORICAL_PANEL,2025-01-31,2026-08-31,20,38,50.0,3.198179217476338,2.649999999999997,3.928889999999995,-6.610984619742122,-1.682659636625645,RADIUS,MEDIUM,NORMAL
3390003,4632100.0,296100.0,03390,ROUTE DE MOULINS,Montmarault,Allier,03,Auvergne-Rhône-Alpes,84,ROUTE,2.219,2026-09-14 11:19:35+02:00,SP95,190.2443718475,190.2443718475,7.926848826979167,OLD,46.321,2.961,27.687924828438543,0.0,0.0,0.0,0.0,22.0,VERY_LOW,VERY_ISOLATED,True,2.205212841482554,0.013787158517446052,1.3787158517446052,-0.4496605063177268,NORMAL,CURRENT,True,BRENT_FX_BRIDGE,2026-09-22,2026-09-11,REMOTE_ISOLATED,REMOTE_ISOLATED,ISOLATION_HEURISTIC,1.161602359880329,0.2719365659721182,0.0,0.1831281328101671,0.5463934870312062,1.2724316479113271,True,HIGH,True,MEDIUM,True,HIGH,True,HIGH,True,HIGH,True,HIGH,2.36496090908733,2.36496090908733,1.0,1.0,MEDIUM,HIGH,ESTIMATED,DIAGNOSTIC_ONLY,False,False,2.228862450573427,-0.9862450573427051,-0.7038160839133251,-0.9149609090873224,20.0,20.0,HIGH,NORMAL,HISTORICAL_PANEL,2025-01-31,2026-08-31,20,22,50.0,2.600657857590294,0.3673782722628527,2.0,-3.586902914932999,-1.7934514574664995,RADIUS,MEDIUM,NORMAL
80800004,4990800.0,251000.0,80800,18 RUE AUGUSTE GINDRE,Corbie,Somme,80,Hauts-de-France,32,ROUTE,2.131,2026-09-21 10:55:47+02:00,SP95,22.64103851416667,22.64103851416667,0.9433766047569446,CURRENT,49.908,2.51,15.27820770117268,0.0,0.0,0.0,1.0,23.0,VERY_LOW,VERY_ISOLATED,True,2.205212841482554,-0.07421284148255403,-7.421284148255403,-2.132261110603427,NORMAL,CURRENT,True,BRENT_FX_BRIDGE,2026-09-22,2026-09-11,REMOTE_ISOLATED,REMOTE_ISOLATED,ISOLATION_HEURISTIC,-0.994229997555222,-0.3144783558347319,0.0,0.1831281328101671,0.5463934870312062,1.2724316479113271,True,HIGH,True,MEDIUM,True,HIGH,True,HIGH,True,HIGH,True,HIGH,-0.3772863701550714,-0.3772863701550714,1.0,1.0,MEDIUM,HIGH,ESTIMATED,DIAGNOSTIC_ONLY,False,False,2.201439977781003,-7.043997778100319,,,,,,,HISTORICAL_PANEL,2025-01-31,2026-08-31,20,23,50.0,2.8921698094828585,3.503677562785912,5.194552354586393,-9.936167587583178,-1.912805360178977,RADIUS,MEDIUM,NORMAL
36230002,4659909.0,177655.0,36230,ZA  Le Fay,Neuvy-Saint-Sépulchre,Indre,36,Centre-Val de Loire,24,ROUTE,2.149,2026-08-26 09:48:08+02:00,SP95,647.7685385141666,647.7685385141666,26.99035577142361,OLD,46.59909,1.77655,17.256090273963963,0.0,0.0,0.0,1.0,25.0,VERY_LOW,VERY_ISOLATED,True,2.205212841482554,-0.05621284148255379,-5.621284148255379,-1.5767316455297014,NORMAL,CURRENT,True,BRENT_FX_BRIDGE,2026-09-22,2026-09-11,REMOTE_ISOLATED,REMOTE_ISOLATED,ISOLATION_HEURISTIC,-0.4802470382897465,-0.1143432614933502,0.0,0.1831281328101671,0.5463934870312062,1.2724316479113271,True,HIGH,True,LOW,True,HIGH,True,HIGH,True,HIGH,True,HIGH,0.33683168345178593,0.33683168345178593,1.0,1.0,LOW,HIGH,ESTIMATED,DIAGNOSTIC_ONLY,False,False,2.2085811583170716,-5.958115831707156,3.6644801978426313,5.863168316548209,10.0,10.0,LOW,PROVISIONAL,HISTORICAL_PANEL,2025-01-31,2026-08-31,20,25,50.0,4.541884168292842,3.349727927591273,4.966306625446821,-10.499999999999998,-2.1142472247281567,RADIUS,MEDIUM,NORMAL
12140002,4465200.0,257400.0,12140,"Le Moulinet, 10 Route de Las Peyssières",Entraygues-sur-Truyère,Aveyron,12,Occitanie,76,ROUTE,2.159,2026-08-26 10:26:45+02:00,SP95,647.1249274030555,647.1249274030555,26.963538641793978,OLD,44.652,2.574,20.730838651994667,0.0,0.0,0.0,0.0,31.0,VERY_LOW,VERY_ISOLATED,True,2.205212841482554,-0.046212841482554,-4.6212841482554,-1.8291274833263702,NORMAL,CURRENT,True,BRENT_FX_BRIDGE,2026-09-22,2026-09-11,REMOTE_ISOLATED,REMOTE_ISOLATED,ISOLATION_HEURISTIC,0.7026384658149324,0.0834807777628596,0.0,0.1831281328101671,0.5463934870312062,1.2724316479113271,True,HIGH,True,MEDIUM,True,HIGH,True,HIGH,True,HIGH,True,HIGH,1.7175412268126746,1.7175412268126746,1.0,1.0,MEDIUM,HIGH,ESTIMATED,DIAGNOSTIC_ONLY,False,False,2.2223882537506805,-6.338825375068069,5.458668667622365,7.182458773187322,19.0,19.0,HIGH,ELEVATED,HISTORICAL_PANEL,2025-01-31,2026-08-31,20,30,50.0,1.1973749870525907,2.3500000000000076,3.484110000000011,-7.53620036212066,-2.1630202152402296,RADIUS,MEDIUM,NORMAL
61300002,4876400.0,61900.0,61300,3 Avenue Comtesse de Ségur,L'Aigle,Orne,61,Normandie,28,ROUTE,2.17,2026-09-19 09:12:15+02:00,SP95,72.36659406972223,72.36659406972223,3.0152747529050927,CURRENT,48.764,0.619,19.67840978592437,0.0,0.0,0.0,1.0,18.0,VERY_LOW,VERY_ISOLATED,True,2.205212841482554,-0.03521284148255388,-3.521284148255388,-1.4838796708485131,NORMAL,CURRENT,True,BRENT_FX_BRIDGE,2026-09-22,2026-09-11,REMOTE_ISOLATED,REMOTE_ISOLATED,ISOLATION_HEURISTIC,-0.9217242291319389,-0.3584762349801542,0.0,0.1831281328101671,0.5463934870312062,1.2724316479113271,True,HIGH,True,MEDIUM,True,HIGH,True,HIGH,True,HIGH,True,HIGH,-0.3487784808772104,-0.3487784808772104,1.0,1.0,MEDIUM,HIGH,ESTIMATED,DIAGNOSTIC_ONLY,False,False,2.201725056673782,-3.1725056673781893,-3.42401655317138,-4.451221519122794,20.0,20.0,HIGH,NORMAL,HISTORICAL_PANEL,2025-01-31,2026-08-31,20,17,50.0,5.227494332621818,2.499999999999991,3.706499999999987,-8.400000000000007,-2.26628895184137,RADIUS,MEDIUM,NORMAL
39300006,4674600.0,592000.0,39300,39 Rue Clemenceau,Champagnole,Jura,39,Bourgogne-Franche-Comté,27,ROUTE,2.224,2026-09-22 01:17:00+02:00,SP95,8.287427403055556,8.287427403055556,0.34530947512731486,CURRENT,46.746,5.92,18.63984607671074,0.0,0.0,0.0,1.0,35.0,VERY_LOW,VERY_ISOLATED,True,2.205212841482554,0.01878715851744639,1.878715851744639,-1.7665234176767957,NORMAL,CURRENT,True,BRENT_FX_BRIDGE,2026-09-22,2026-09-11,REMOTE_ISOLATED,REMOTE_ISOLATED,ISOLATION_HEURISTIC,0.8001869274196598,0.1800303405060792,0.0,0.1831281328101671,0.5463934870312062,1.2724316479113271,True,HIGH,True,MEDIUM,True,HIGH,True,HIGH,True,HIGH,True,HIGH,1.9116392511606217,1.9116392511606217,1.0,1.0,MEDIUM,HIGH,ESTIMATED,DIAGNOSTIC_ONLY,False,False,2.22432923399416,-0.03292339941598499,0.4207100947931212,0.5469231232310576,20.0,20.0,HIGH,NORMAL,HISTORICAL_PANEL,2025-01-31,2026-08-31,20,34,50.0,7.103757189980842,1.5685967956052815,2.3256016091643903,-7.136680589396827,-3.0687459800825905,RADIUS,MEDIUM,NORMAL
37290002,4685893.6662702,93924.212490004,37290,16 ROUTE DE LOCHES,Preuilly-sur-Claise,Indre-et-Loire,37,Centre-Val de Loire,24,ROUTE,1.99,2026-09-22 08:20:07+02:00,SP95,1.2354829586111111,1.2354829586111111,0.0514784566087963,CURRENT,46.858936662702,0.9392421249000401,26.102238804108232,0.0,0.0,0.0,0.0,13.0,VERY_LOW,VERY_ISOLATED,True,2.205212841482554,-0.21521284148255382,-21.521284148255383,-4.362290885965512,NORMAL,CURRENT,True,BRENT_FX_BRIDGE,2026-09-22,2026-09-11,REMOTE_ISOLATED,REMOTE_ISOLATED,ISOLATION_HEURISTIC,-0.4802470382897465,-0.7511190564539139,0.0,0.1831281328101671,0.5463934870312062,1.2724316479113271,True,HIGH,True,MEDIUM,True,HIGH,True,HIGH,True,HIGH,True,HIGH,-0.29994411150877787,-0.29994411150877787,1.0,1.0,MEDIUM,HIGH,ESTIMATED,DIAGNOSTIC_ONLY,False,False,2.202213400367466,-21.221340036746582,-0.4375349303070214,-0.7000558884912342,10.0,10.0,LOW,PROVISIONAL,HISTORICAL_PANEL,2025-01-31,2026-08-31,20,103,100.0,3.964461615154491,3.3011012630319136,4.894212732571115,-25.185801651901073,-5.146037376816275,RADIUS,LOW,NORMAL
19170001,4559855.0,192571.0,19170,RUE DE LA REPUBLIQUE,Bugeat,Corrèze,19,Nouvelle-Aquitaine,75,ROUTE,1.99,2026-09-16 20:48:22+02:00,SP95,132.7646496252778,132.7646496252778,5.531860401053241,CURRENT,45.59855,1.92571,18.391965186870056,0.0,0.0,0.0,1.0,10.0,VERY_LOW,VERY_ISOLATED,True,2.205212841482554,-0.21521284148255382,-21.521284148255383,-5.243621710769708,NORMAL,CURRENT,True,BRENT_FX_BRIDGE,2026-09-22,2026-09-11,REMOTE_ISOLATED,REMOTE_ISOLATED,ISOLATION_HEURISTIC,-0.8600108504190358,-0.095939976598989,0.0,0.1831281328101671,0.5463934870312062,1.2724316479113271,True,HIGH,True,LOW,True,HIGH,True,HIGH,True,HIGH,True,HIGH,-0.024528843783142212,-0.024528843783142212,1.0,1.0,LOW,HIGH,ESTIMATED,DIAGNOSTIC_ONLY,False,False,2.2049675530447224,-21.496755304472238,6.903483725987026,8.974528843783133,20.0,20.0,HIGH,ELEVATED,HISTORICAL_PANEL,2025-01-31,2026-08-31,20,103,100.0,2.600657857590294,2.8716823094571797,4.257556192001214,-24.09741316206253,-5.659916645923545,RADIUS,LOW,NORMAL
65230003,4329900.0,51800.0,65230,11 route du Gers,Castelnau-Magnoac,Hautes-Pyrénées,65,Occitanie,76,ROUTE,1.989,2026-08-24 07:39:23+02:00,SP95,697.9143718475,697.9143718475,29.079765493645834,OLD,43.299,0.518,21.81298626480288,0.0,0.0,0.0,0.0,21.0,VERY_LOW,VERY_ISOLATED,True,2.205212841482554,-0.2162128414825537,-21.62128414825537,-5.716023385394897,NORMAL,CURRENT,True,BRENT_FX_BRIDGE,2026-09-22,2026-09-11,REMOTE_ISOLATED,REMOTE_ISOLATED,ISOLATION_HEURISTIC,0.7026384658149324,0.338106384651376,0.0,0.1831281328101671,0.5463934870312062,1.2724316479113271,True,HIGH,True,LOW,True,HIGH,True,HIGH,True,HIGH,True,HIGH,1.972166833701191,1.972166833701191,1.0,1.0,LOW,HIGH,ESTIMATED,DIAGNOSTIC_ONLY,False,False,2.224934509819566,-23.593450981956575,-4.532803106227807,-9.972166833701175,5.0,5.0,INSUFFICIENT,PROVISIONAL,HISTORICAL_PANEL,2025-01-31,2026-08-31,20,21,50.0,2.633971560265147,2.772577457778258,4.1106233389020455,-26.227422542221724,-6.380400338316357,RADIUS,MEDIUM,NORMAL
85350001,4672342.0,-234468.0,85350,9 Rue Neptune,L'Île-d'Yeu,Vendée,85,Pays de la Loire,52,ROUTE,2.679,2026-09-03 08:14:13+02:00,SP95,457.33381629194446,457.33381629194446,19.05557567883102,OLD,46.72342,-2.34468,20.371736087012998,0.0,0.0,0.0,0.0,4.0,VERY_LOW,VERY_ISOLATED,True,2.205212841482554,0.473787158517446,47.3787158517446,7.4193983542425395,VERY_HIGH,CURRENT,True,BRENT_FX_BRIDGE,2026-09-22,2026-09-11,FERRY_ISLAND,ILE_YEU,OVERRIDE_VILLE,-1.1900810238007888,0.7231463493907342,0.0,0.1831281328101671,0.5463934870312062,0.0,True,HIGH,True,MEDIUM,True,HIGH,True,HIGH,True,HIGH,True,INSUFFICIENT,0.464487308824828,0.464487308824828,1.0,1.0,MEDIUM,INSUFFICIENT,PROVISIONAL,DIAGNOSTIC_ONLY,False,False,2.209857714570802,46.91422854291978,33.30344543198447,53.28551269117516,10.0,10.0,LOW,PROVISIONAL,HISTORICAL_PANEL,2025-01-31,2026-08-31,20,0,,,,,,,NONE,INSUFFICIENT,UNASSESSED_INSUFFICIENT_PEERS
56360004,4733923.0,-317575.0,56360,Kersablen,Le Palais,Morbihan,56,Bretagne,53,ROUTE,2.48,2026-09-15 08:30:00+02:00,SP95,169.07076073638888,169.07076073638888,7.04461503068287,OLD,47.33923,-3.17575,16.83251899351864,0.0,0.0,0.0,1.0,13.0,VERY_LOW,VERY_ISOLATED,True,2.205212841482554,0.2747871585174462,27.478715851744617,5.643239354287548,VERY_HIGH,CURRENT,True,BRENT_FX_BRIDGE,2026-09-22,2026-09-11,FERRY_ISLAND,BELLE_ILE,OVERRIDE_VILLE,-1.924831864148168,-0.8006794044840899,0.0,0.1831281328101671,0.5463934870312062,0.0,True,HIGH,True,MEDIUM,True,HIGH,True,HIGH,True,HIGH,True,INSUFFICIENT,-1.7940892853973749,-1.7940892853973749,1.0,1.0,MEDIUM,INSUFFICIENT,PROVISIONAL,DIAGNOSTIC_ONLY,False,False,2.18727194862858,29.272805137141987,27.12171816746761,36.69408928539736,17.0,17.0,MEDIUM,VERY_HIGH,HISTORICAL_PANEL,2025-01-31,2026-08-31,20,0,,,,,,,NONE,INSUFFICIENT,UNASSESSED_INSUFFICIENT_PEERS
17580002,4617771.0860263,-137215.89695779,17580,6083 route de Sainte Marie,Le Bois-Plage-en-Ré,Charente-Maritime,17,Nouvelle-Aquitaine,75,ROUTE,2.431,2026-09-18 14:22:34+02:00,GAZOLE,91.19464962527779,91.19464962527779,3.799777067719908,CURRENT,46.177710860263,-1.3721589695779002,2.6142952503791013,0.0,3.0,3.0,14.0,68.0,LOW,LOCAL,False,2.3366282860728846,0.09437171392711541,9.43717139271154,0.8993210126354603,NORMAL,CURRENT,True,BRENT_FX_BRIDGE,2026-09-22,2026-09-11,ROAD_CONNECTED_ISLAND,ILE_RE,OVERRIDE_VILLE,-0.6559423235520604,-1.6553839025805197,-0.7337972175334878,0.1895261041926233,-0.248271104482248,0.0,True,HIGH,True,HIGH,True,HIGH,True,HIGH,True,HIGH,True,LOW,-2.727198989583702,-2.727198989583702,1.0,1.0,HIGH,LOW,ESTIMATED,DIAGNOSTIC_ONLY,False,True,2.3093562961770475,12.164370382295253,0.8561447196972328,1.1771989895836952,16.0,16.0,MEDIUM,NORMAL,HISTORICAL_PANEL,2025-01-31,2026-08-31,20,68,50.0,7.449184029703471,1.8350142511354361,2.7205921287333976,4.7151863525917825,1.7331470979396646,RADIUS,MEDIUM,NORMAL
85630001,4694500.0,-218000.0,85630,Rue de la Cure,Barbâtre,Vendée,85,Pays de la Loire,52,ROUTE,2.419,2026-09-18 15:10:51+02:00,GAZOLE,90.38992740305557,90.38992740305557,3.766246975127315,CURRENT,46.945,-2.18,5.832785088143883,0.0,0.0,3.0,8.0,69.0,LOW,ISOLATED,False,2.3366282860728846,0.0823717139271154,8.23717139271154,0.6744907594765952,NORMAL,CURRENT,True,BRENT_FX_BRIDGE,2026-09-22,2026-09-11,ROAD_CONNECTED_ISLAND,NOIRMOUTIER,OVERRIDE_VILLE,-1.4576669089756813,-1.4037468118837044,-0.7337972175334878,0.1895261041926233,0.3597081548123085,0.0,True,HIGH,True,HIGH,True,HIGH,True,HIGH,True,HIGH,True,LOW,-2.669307225015951,-2.669307225015951,1.0,1.0,HIGH,LOW,ESTIMATED,DIAGNOSTIC_ONLY,False,True,2.309935213822725,10.906478617727489,-0.2513265089878792,-0.3306927749840516,19.0,19.0,HIGH,NORMAL,HISTORICAL_PANEL,2025-01-31,2026-08-31,20,69,50.0,9.021567022318333,1.3984902593335846,2.0734016584879726,1.8849115954091555,0.9090913898389213,RADIUS,MEDIUM,NORMAL
21510001,4766400.0,473000.0,21510,9 Rue d'Archeron,Aignay-le-Duc,Côte-d'Or,21,Bourgogne-Franche-Comté,27,ROUTE,2.499,2026-09-22 00:00:00+02:00,GAZOLE,9.57076073638889,9.57076073638889,0.39878169734953706,CURRENT,47.664,4.73,24.14397715044072,0.0,0.0,0.0,0.0,72.0,VERY_LOW,VERY_ISOLATED,True,2.3366282860728846,0.16237171392711547,16.237171392711545,0.8993210126354536,NORMAL,CURRENT,True,BRENT_FX_BRIDGE,2026-09-22,2026-09-11,REMOTE_ISOLATED,REMOTE_ISOLATED,ISOLATION_HEURISTIC,1.1083632581423255,0.0549547070698932,-0.7337972175334878,0.491890480491507,0.7081989814651163,2.86402891667263,True,HIGH,True,HIGH,True,HIGH,True,HIGH,True,HIGH,True,LOW,2.006279664007345,2.006279664007345,1.0,1.0,HIGH,LOW,ESTIMATED,DIAGNOSTIC_ONLY,False,True,2.356691082712958,14.23089172870422,4.281228811423331,5.993720335992663,15.0,15.0,MEDIUM,NORMAL,HISTORICAL_PANEL,2025-01-31,2026-08-31,20,72,50.0,10.666159713884028,3.3335288210662117,4.942289830112765,3.5647320148201924,0.7212713412921917,RADIUS,MEDIUM,NORMAL
17590002,4620400.0,-151200.0,17590,Route Départementale 735,Ars-en-Ré,Charente-Maritime,17,Nouvelle-Aquitaine,75,ROUTE,2.409,2026-09-16 12:27:42+02:00,GAZOLE,141.10909406972223,141.10909406972223,5.879545586238426,CURRENT,46.204,-1.512,11.154225126994696,0.0,0.0,0.0,5.0,58.0,VERY_LOW,VERY_ISOLATED,True,2.3366282860728846,0.07237171392711517,7.237171392711517,0.2810378164485751,NORMAL,CURRENT,True,BRENT_FX_BRIDGE,2026-09-22,2026-09-11,ROAD_CONNECTED_ISLAND,ILE_RE,OVERRIDE_VILLE,-0.6559423235520604,-1.6553839025805197,-0.7337972175334878,0.491890480491507,0.7081989814651163,0.0,True,HIGH,True,HIGH,True,HIGH,True,HIGH,True,HIGH,True,LOW,-1.468364527337454,-1.468364527337454,1.0,1.0,HIGH,LOW,ESTIMATED,DIAGNOSTIC_ONLY,False,True,2.32194464079951,8.705535920048968,-2.5627965174327136,-3.331635472662528,20.0,20.0,HIGH,NORMAL,HISTORICAL_PANEL,2025-01-31,2026-08-31,20,58,50.0,7.1972469712208165,1.974956252636595,2.9280701401590155,1.5082889488281515,0.5151136675797802,RADIUS,MEDIUM,NORMAL
85680001,4697600.0,-224200.0,85680,Route de Noirmoutier,La Guérinière,Vendée,85,Pays de la Loire,52,ROUTE,2.412,2026-09-21 08:19:03+02:00,GAZOLE,25.253260736388892,25.253260736388892,1.0522191973495372,CURRENT,46.976,-2.242,3.1655962708884537,0.0,1.0,2.0,10.0,69.0,VERY_LOW,ISOLATED,False,2.3366282860728846,0.07537171392711528,7.537171392711528,0.43841899365978315,NORMAL,CURRENT,True,BRENT_FX_BRIDGE,2026-09-22,2026-09-11,ROAD_CONNECTED_ISLAND,NOIRMOUTIER,OVERRIDE_VILLE,-1.4576669089756813,-1.4037468118837044,-0.7337972175334878,0.491890480491507,0.3597081548123085,0.0,True,HIGH,True,HIGH,True,HIGH,True,HIGH,True,HIGH,True,LOW,-2.366942848717067,-2.366942848717067,1.0,1.0,HIGH,LOW,ESTIMATED,DIAGNOSTIC_ONLY,False,True,2.312958857585714,9.904114241428585,-0.4869670394484119,-0.6330571512829355,20.0,20.0,HIGH,NORMAL,HISTORICAL_PANEL,2025-01-31,2026-08-31,20,69,50.0,9.05120858291295,1.1704974088147413,2.0,0.8529056585156347,0.42645282925781736,RADIUS,MEDIUM,NORMAL
84390001,4410150.0,541452.0,84390,QUARTIER DE MOUGNE,Sault,Vaucluse,84,Provence-Alpes-Côte d'Azur,93,ROUTE,2.459,2026-09-22 08:00:00+02:00,GAZOLE,1.5707607363888887,1.5707607363888887,0.0654483640162037,CURRENT,44.1015,5.41452,15.411763304440086,0.0,0.0,0.0,1.0,137.0,VERY_LOW,VERY_ISOLATED,True,2.3366282860728846,0.12237171392711543,12.237171392711543,0.3372453797382976,NORMAL,CURRENT,True,BRENT_FX_BRIDGE,2026-09-22,2026-09-11,REMOTE_ISOLATED,REMOTE_ISOLATED,ISOLATION_HEURISTIC,0.4329230630961636,0.0522789395786291,-0.7337972175334878,0.491890480491507,0.7081989814651163,2.86402891667263,True,HIGH,True,HIGH,True,HIGH,True,HIGH,True,HIGH,True,LOW,1.3281637014699186,1.3281637014699186,1.0,1.0,HIGH,LOW,ESTIMATED,DIAGNOSTIC_ONLY,False,True,2.349909923087584,10.909007691241612,-0.2524336165153215,-0.3281637014699179,20.0,20.0,HIGH,NORMAL,HISTORICAL_PANEL,2025-01-31,2026-08-31,20,133,50.0,9.06784215348786,3.0671234110744017,4.547317169258908,1.8411655377537528,0.40489050339407356,RADIUS,MEDIUM,NORMAL
17630001,4617900.0,-132800.0,17630,Rue Caillotière,La Flotte,Charente-Maritime,17,Nouvelle-Aquitaine,75,ROUTE,2.395,2026-09-21 09:05:00+02:00,GAZOLE,24.48742740305556,24.48742740305556,1.020309475127315,CURRENT,46.179,-1.328,2.9461763045585614,0.0,3.0,5.0,18.0,67.0,LOW,LOCAL,False,2.3366282860728846,0.058371713927115376,5.837171392711538,-0.11241512657943253,NORMAL,CURRENT,True,BRENT_FX_BRIDGE,2026-09-22,2026-09-11,ROAD_CONNECTED_ISLAND,ILE_RE,OVERRIDE_VILLE,-0.6559423235520604,-1.6553839025805197,-0.7337972175334878,0.1895261041926233,-0.248271104482248,0.0,True,HIGH,True,HIGH,True,HIGH,True,HIGH,True,HIGH,True,LOW,-2.727198989583702,-2.727198989583702,1.0,1.0,HIGH,LOW,ESTIMATED,DIAGNOSTIC_ONLY,False,True,2.3093562961770475,8.56437038229525,-2.517539238781772,-3.2728010104163032,20.0,20.0,HIGH,NORMAL,HISTORICAL_PANEL,2025-01-31,2026-08-31,20,18,20.0,7.860496265329919,1.2243020410753758,2.0,0.7038741169653306,0.3519370584826653,RADIUS,MEDIUM,NORMAL
85330003,4700200.0,-225900.0,85330,"148, ROUTE NATIONALE",Noirmoutier-en-l'Île,Vendée,85,Pays de la Loire,52,ROUTE,2.412,2026-09-21 10:42:23+02:00,GAZOLE,22.864371847500003,22.864371847500003,0.9526821603125001,CURRENT,47.002,-2.259,3.1655962708884537,0.0,1.0,2.0,8.0,70.0,VERY_LOW,ISOLATED,False,2.3366282860728846,0.07537171392711528,7.537171392711528,0.43841899365978315,NORMAL,CURRENT,True,BRENT_FX_BRIDGE,2026-09-22,2026-09-11,ROAD_CONNECTED_ISLAND,NOIRMOUTIER,OVERRIDE_VILLE,-1.4576669089756813,-1.4037468118837044,-0.7337972175334878,0.491890480491507,0.3597081548123085,0.0,True,HIGH,True,HIGH,True,HIGH,True,HIGH,True,HIGH,True,LOW,-2.366942848717067,-2.366942848717067,1.0,1.0,HIGH,LOW,ESTIMATED,DIAGNOSTIC_ONLY,False,True,2.312958857585714,9.904114241428585,-1.2561978086791823,-1.6330571512829373,20.0,20.0,HIGH,NORMAL,HISTORICAL_PANEL,2025-01-31,2026-08-31,20,70,50.0,9.250391967057968,1.3249508277743285,2.0,0.653722274370617,0.3268611371853085,RADIUS,MEDIUM,NORMAL
17410002,4619834.0,-135416.0,17410,4 Avenue des Corsaires,Saint-Martin-de-Ré,Charente-Maritime,17,Nouvelle-Aquitaine,75,ROUTE,2.405,2026-09-21 09:03:49+02:00,GAZOLE,24.50714962527778,24.50714962527778,1.0211312343865742,CURRENT,46.19834,-1.35416,0.07489372800582676,1.0,3.0,3.0,15.0,70.0,LOW,DENSE,False,2.3366282860728846,0.06837171392711516,6.837171392711516,0.16862268986914258,NORMAL,CURRENT,True,BRENT_FX_BRIDGE,2026-09-22,2026-09-11,ROAD_CONNECTED_ISLAND,ILE_RE,OVERRIDE_VILLE,-0.6559423235520604,-1.6553839025805197,-0.7337972175334878,0.1895261041926233,0.2149781896268576,0.0,True,HIGH,True,HIGH,True,HIGH,True,HIGH,True,HIGH,True,LOW,-2.2639496954745963,-2.2639496954745963,1.0,1.0,HIGH,LOW,ESTIMATED,DIAGNOSTIC_ONLY,False,True,2.3139887891181385,9.101121088186126,-3.027731003481093,-3.93605030452542,20.0,20.0,HIGH,NORMAL,HISTORICAL_PANEL,2025-01-31,2026-08-31,20,15,20.0,8.255623414775792,1.7583764435549654,2.6069689152145914,0.8454976734103337,0.3243221154176044,RADIUS,MEDIUM,NORMAL
17550001,4590461.54635,-125889.144133,17550,Rue de l'Écuissière,Dolus-d'Oléron,Charente-Maritime,17,Nouvelle-Aquitaine,75,ROUTE,2.404,2026-09-22 08:01:11+02:00,GAZOLE,1.5510385141666665,1.5510385141666665,0.06462660475694444,CURRENT,45.9046154635,-1.2588914413299999,4.145076469323222,0.0,1.0,4.0,11.0,70.0,LOW,ISOLATED,False,2.3366282860728846,0.06737171392711527,6.737171392711527,0.14051890822428756,NORMAL,CURRENT,True,BRENT_FX_BRIDGE,2026-09-22,2026-09-11,ROAD_CONNECTED_ISLAND,ILE_OLERON,OVERRIDE_VILLE,-0.6559423235520604,-1.6553839025805197,-0.7337972175334878,0.1895261041926233,0.3597081548123085,0.0,True,HIGH,True,HIGH,True,HIGH,True,HIGH,True,HIGH,True,LOW,-2.1192197302891453,-2.1192197302891453,1.0,1.0,HIGH,LOW,ESTIMATED,DIAGNOSTIC_ONLY,False,True,2.315436088769993,8.856391123000673,-2.177523284392973,-2.830780269710865,20.0,20.0,HIGH,NORMAL,HISTORICAL_PANEL,2025-01-31,2026-08-31,20,70,50.0,8.308443694165302,2.1992451296667825,3.2606008292439714,0.5479474288353714,0.16805106099492184,RADIUS,MEDIUM,NORMAL
17410001,4619800.0,-135500.0,17410,Route de la Flotte,Saint-Martin-de-Ré,Charente-Maritime,17,Nouvelle-Aquitaine,75,ROUTE,2.389,2026-09-22 08:00:41+02:00,GAZOLE,1.5593718474999998,1.5593718474999998,0.06497382697916666,CURRENT,46.198,-1.355,0.07489372800582676,1.0,3.0,3.0,15.0,70.0,LOW,DENSE,False,2.3366282860728846,0.05237171392711515,5.237171392711515,-0.2810378164485876,NORMAL,CURRENT,True,BRENT_FX_BRIDGE,2026-09-22,2026-09-11,ROAD_CONNECTED_ISLAND,ILE_RE,OVERRIDE_VILLE,-0.6559423235520604,-1.6553839025805197,-0.7337972175334878,0.1895261041926233,0.2149781896268576,0.0,True,HIGH,True,HIGH,True,HIGH,True,HIGH,True,HIGH,True,LOW,-2.2639496954745963,-2.2639496954745963,1.0,1.0,HIGH,LOW,ESTIMATED,DIAGNOSTIC_ONLY,False,True,2.3139887891181385,7.5011210881861246,-2.950807926558007,-3.836050304525409,20.0,20.0,HIGH,NORMAL,HISTORICAL_PANEL,2025-01-31,2026-08-31,20,15,20.0,8.56437038229525,2.067123411074423,3.0647171692589392,-1.0632492941091254,-0.3469322731553148,RADIUS,MEDIUM,NORMAL
4140001,4434100.0,637800.0,04140,LIEUDIT PRAS GAVOUETS ZONE ARTISANALE B,Seyne,Alpes-de-Haute-Provence,04,Provence-Alpes-Côte d'Azur,93,ROUTE,2.415,2026-09-19 09:23:02+02:00,GAZOLE,72.1868718475,72.1868718475,3.0077863269791667,CURRENT,44.341,6.378,20.59809081344986,0.0,0.0,0.0,0.0,53.0,VERY_LOW,VERY_ISOLATED,True,2.3366282860728846,0.0783717139271154,7.837171392711539,-0.40469445568595713,NORMAL,CURRENT,True,BRENT_FX_BRIDGE,2026-09-22,2026-09-11,REMOTE_ISOLATED,REMOTE_ISOLATED,ISOLATION_HEURISTIC,0.4329230630961636,0.5048949328743684,-0.7337972175334878,0.491890480491507,0.7081989814651163,2.86402891667263,True,HIGH,True,MEDIUM,True,HIGH,True,HIGH,True,HIGH,True,LOW,1.7807796947656578,1.7807796947656578,1.0,1.0,MEDIUM,LOW,ESTIMATED,DIAGNOSTIC_ONLY,False,True,2.3544360830205413,6.056391697945873,-1.6775228421274293,-2.180779694765658,20.0,20.0,HIGH,NORMAL,HISTORICAL_PANEL,2025-01-31,2026-08-31,20,52,50.0,8.361036367188035,3.808789143656255,5.6469107843847635,-2.304644669242162,-0.4081248592797195,RADIUS,MEDIUM,NORMAL
17310001,4593945.0,-130820.0,17310,1 Avenue du Général Leclerc,Saint-Pierre-d'Oléron,Charente-Maritime,17,Nouvelle-Aquitaine,75,ROUTE,2.371,2026-09-21 10:08:07+02:00,GAZOLE,23.435482958611114,23.435482958611114,0.9764784566087964,CURRENT,45.93945,-1.3082,1.0655686305217373,1.0,1.0,3.0,6.0,66.0,LOW,LOCAL,False,2.3366282860728846,0.034371713927115355,3.4371713927115355,-0.7869058860560277,NORMAL,CURRENT,True,BRENT_FX_BRIDGE,2026-09-22,2026-09-11,ROAD_CONNECTED_ISLAND,ILE_OLERON,OVERRIDE_VILLE,-0.6559423235520604,-1.6553839025805197,-0.7337972175334878,0.1895261041926233,-0.248271104482248,0.0,True,HIGH,True,HIGH,True,HIGH,True,HIGH,True,HIGH,True,LOW,-2.727198989583702,-2.727198989583702,1.0,1.0,HIGH,LOW,ESTIMATED,DIAGNOSTIC_ONLY,False,True,2.3093562961770475,6.164370382295248,-2.258500234250314,-2.9360503045254083,20.0,20.0,HIGH,NORMAL,HISTORICAL_PANEL,2025-01-31,2026-08-31,20,66,50.0,8.460380752647968,2.406354005946177,3.567660449215802,-2.29601037035272,-0.6435619092779415,RADIUS,MEDIUM,NORMAL
17310004,4594300.0,-132100.0,17310,2 Route des Mirouelles,Saint-Pierre-d'Oléron,Charente-Maritime,17,Nouvelle-Aquitaine,75,ROUTE,2.355,2026-09-21 09:07:46+02:00,GAZOLE,24.441316291944446,24.441316291944446,1.0183881788310185,CURRENT,45.943,-1.321,1.0655686305217373,1.0,1.0,2.0,6.0,65.0,VERY_LOW,LOCAL,False,2.3366282860728846,0.01837171392711534,1.837171392711534,-1.236566392373758,NORMAL,CURRENT,True,BRENT_FX_BRIDGE,2026-09-22,2026-09-11,ROAD_CONNECTED_ISLAND,ILE_OLERON,OVERRIDE_VILLE,-0.6559423235520604,-1.6553839025805197,-0.7337972175334878,0.491890480491507,-0.248271104482248,0.0,True,HIGH,True,HIGH,True,HIGH,True,HIGH,True,HIGH,True,LOW,-2.424834613284818,-2.424834613284818,1.0,1.0,HIGH,LOW,ESTIMATED,DIAGNOSTIC_ONLY,False,True,2.3123799399400364,4.262006005996355,-1.9799870758197995,-2.573983198565739,20.0,20.0,HIGH,NORMAL,HISTORICAL_PANEL,2025-01-31,2026-08-31,20,65,50.0,8.356391123000684,2.3023643762988932,3.413485424300739,-4.094385117004329,-1.1994734437288754,RADIUS,MEDIUM,NORMAL
17480003,4587927.3256827,-121961.29659261,17480,Lieu dit la Beaucousière,Le Château-d'Oléron,Charente-Maritime,17,Nouvelle-Aquitaine,75,ROUTE,2.355,2026-09-21 09:08:14+02:00,GAZOLE,24.433538514166667,24.433538514166667,1.0180641047569445,CURRENT,45.879273256827,-1.2196129659261,4.145076469323222,0.0,2.0,4.0,12.0,75.0,LOW,ISOLATED,False,2.3366282860728846,0.01837171392711534,1.837171392711534,-1.236566392373758,NORMAL,CURRENT,True,BRENT_FX_BRIDGE,2026-09-22,2026-09-11,ROAD_CONNECTED_ISLAND,ILE_OLERON,OVERRIDE_VILLE,-0.6559423235520604,-1.6553839025805197,-0.7337972175334878,0.1895261041926233,0.3597081548123085,0.0,True,HIGH,True,HIGH,True,HIGH,True,HIGH,True,HIGH,True,LOW,-2.1192197302891453,-2.1192197302891453,1.0,1.0,HIGH,LOW,ESTIMATED,DIAGNOSTIC_ONLY,False,True,2.315436088769993,3.95639112300068,-2.369830976700661,-3.0807802697108597,20.0,20.0,HIGH,NORMAL,HISTORICAL_PANEL,2025-01-31,2026-08-31,20,75,50.0,8.356391123000684,2.3023643762988932,3.413485424300739,-4.400000000000004,-1.2890050646404487,RADIUS,MEDIUM,NORMAL
85350001,4672342.0,-234468.0,85350,9 Rue Neptune,L'Île-d'Yeu,Vendée,85,Pays de la Loire,52,ROUTE,2.767,2026-09-03 08:14:13+02:00,GAZOLE,457.33381629194446,457.33381629194446,19.05557567883102,OLD,46.72342,-2.34468,20.371736087012998,0.0,0.0,0.0,0.0,31.0,VERY_LOW,VERY_ISOLATED,True,2.3366282860728846,0.43037171392711526,43.03717139271153,12.410629974369337,VERY_HIGH,CURRENT,True,BRENT_FX_BRIDGE,2026-09-22,2026-09-11,FERRY_ISLAND,ILE_YEU,OVERRIDE_VILLE,-1.4576669089756813,-1.4037468118837044,-0.7337972175334878,0.491890480491507,0.7081989814651163,0.0,True,HIGH,True,HIGH,True,HIGH,True,HIGH,True,HIGH,True,INSUFFICIENT,-2.0184520220642597,-2.0184520220642597,1.0,1.0,HIGH,INSUFFICIENT,PROVISIONAL,DIAGNOSTIC_ONLY,False,True,2.316443765852242,45.05562341477578,38.97896801470952,58.46845202206427,12.0,12.0,MEDIUM,VERY_HIGH,HISTORICAL_PANEL,2025-01-31,2026-08-31,20,0,,,,,,,NONE,INSUFFICIENT,UNASSESSED_INSUFFICIENT_PEERS
56360004,4733923.0,-317575.0,56360,Kersablen,Le Palais,Morbihan,56,Bretagne,53,ROUTE,2.678,2026-09-15 08:30:00+02:00,GAZOLE,169.07076073638888,169.07076073638888,7.04461503068287,OLD,47.33923,-3.17575,16.83251899351864,0.0,0.0,0.0,1.0,49.0,VERY_LOW,VERY_ISOLATED,True,2.3366282860728846,0.3413717139271153,34.13717139271153,11.069583640821827,VERY_HIGH,CURRENT,True,BRENT_FX_BRIDGE,2026-09-22,2026-09-11,FERRY_ISLAND,BELLE_ILE,OVERRIDE_VILLE,-1.5881657766027524,-0.5420697487187628,-0.7337972175334878,0.491890480491507,0.7081989814651163,0.0,True,HIGH,True,HIGH,True,HIGH,True,HIGH,True,HIGH,True,INSUFFICIENT,-1.287273826526389,-1.287273826526389,1.0,1.0,HIGH,INSUFFICIENT,PROVISIONAL,DIAGNOSTIC_ONLY,False,True,2.323755547807621,35.42444521923791,27.116680654389075,36.68727382652639,17.0,17.0,MEDIUM,VERY_HIGH,HISTORICAL_PANEL,2025-01-31,2026-08-31,20,0,,,,,,,NONE,INSUFFICIENT,UNASSESSED_INSUFFICIENT_PEERS
