date,fuel,htt_eur_l
2020-01-06,GAZOLE,0.62767
2020-01-13,GAZOLE,0.63327
2020-01-20,GAZOLE,0.62349
2020-01-27,GAZOLE,0.6104700000000001
2020-02-03,GAZOLE,0.58617
2020-02-10,GAZOLE,0.55989
2020-02-17,GAZOLE,0.55748
2020-02-24,GAZOLE,0.55755
2020-03-02,GAZOLE,0.55052
2020-03-09,GAZOLE,0.5253300000000001
2020-03-16,GAZOLE,0.47525
2020-03-23,GAZOLE,0.43832
2020-03-30,GAZOLE,0.4234
2020-04-06,GAZOLE,0.41677
2020-04-20,GAZOLE,0.40194
2020-04-27,GAZOLE,0.38597000000000004
2020-05-04,GAZOLE,0.36282
2020-05-11,GAZOLE,0.35822000000000004
2020-05-18,GAZOLE,0.35574
2020-05-25,GAZOLE,0.37161
2020-06-01,GAZOLE,0.37872
2020-06-08,GAZOLE,0.38342000000000004
2020-06-15,GAZOLE,0.39852
2020-06-22,GAZOLE,0.40435000000000004
2020-06-29,GAZOLE,0.41617000000000004
2020-07-06,GAZOLE,0.4141
2020-07-13,GAZOLE,0.42592
2020-07-20,GAZOLE,0.42808999999999997
2020-07-27,GAZOLE,0.43042
2020-08-03,GAZOLE,0.42035
2020-08-10,GAZOLE,0.42119
2020-08-17,GAZOLE,0.42149000000000003
2020-08-24,GAZOLE,0.42106
2020-08-31,GAZOLE,0.41413
2020-09-07,GAZOLE,0.40673000000000004
2020-09-14,GAZOLE,0.39876999999999996
2020-09-21,GAZOLE,0.38683
2020-09-28,GAZOLE,0.38645
2020-10-05,GAZOLE,0.38777999999999996
2020-10-12,GAZOLE,0.3907
2020-10-19,GAZOLE,0.39738999999999997
2020-10-26,GAZOLE,0.39012
2020-11-02,GAZOLE,0.39647000000000004
2020-11-09,GAZOLE,0.38822
2020-11-16,GAZOLE,0.40102
2020-11-23,GAZOLE,0.40592
2020-11-30,GAZOLE,0.42283
2020-12-07,GAZOLE,0.42967
2020-12-14,GAZOLE,0.43483999999999995
2020-12-21,GAZOLE,0.44211
2021-01-11,GAZOLE,0.46241000000000004
2021-01-18,GAZOLE,0.48125
2021-01-25,GAZOLE,0.48637
2021-02-01,GAZOLE,0.48546
2021-02-08,GAZOLE,0.49359
2021-02-15,GAZOLE,0.50889
2021-02-22,GAZOLE,0.52566
2021-03-01,GAZOLE,0.53503
2021-03-08,GAZOLE,0.5374
2021-03-15,GAZOLE,0.54947
2021-03-22,GAZOLE,0.55172
2021-03-29,GAZOLE,0.53918
2021-04-12,GAZOLE,0.5321
2021-04-19,GAZOLE,0.53408
2021-04-26,GAZOLE,0.53977
2021-05-03,GAZOLE,0.5387799999999999
2021-05-10,GAZOLE,0.55034
2021-05-17,GAZOLE,0.54827
2021-05-24,GAZOLE,0.55028
2021-05-31,GAZOLE,0.5505
2021-06-07,GAZOLE,0.5594
2021-06-14,GAZOLE,0.56484
2021-06-21,GAZOLE,0.57372
2021-06-28,GAZOLE,0.58226
2021-07-05,GAZOLE,0.5894299999999999
2021-07-12,GAZOLE,0.5889500000000001
2021-07-19,GAZOLE,0.59637
2021-07-26,GAZOLE,0.59178
2021-08-02,GAZOLE,0.58568
2021-08-09,GAZOLE,0.59251
2021-08-16,GAZOLE,0.58545
2021-08-23,GAZOLE,0.58069
2021-08-30,GAZOLE,0.57853
2021-09-06,GAZOLE,0.58209
2021-09-13,GAZOLE,0.59233
2021-09-20,GAZOLE,0.60235
2021-09-27,GAZOLE,0.61248
2021-10-04,GAZOLE,0.63842
2021-10-11,GAZOLE,0.6704
2021-10-18,GAZOLE,0.6894600000000001
2021-10-25,GAZOLE,0.68517
2021-11-01,GAZOLE,0.68811
2021-11-08,GAZOLE,0.682
2021-11-15,GAZOLE,0.68896
2021-11-22,GAZOLE,0.68759
2021-11-29,GAZOLE,0.68561
2021-12-06,GAZOLE,0.68561
2021-12-13,GAZOLE,0.66214
2021-12-20,GAZOLE,0.66726
2022-01-03,GAZOLE,0.67148
2022-01-10,GAZOLE,0.7145199999999999
2022-01-17,GAZOLE,0.74207
2022-01-24,GAZOLE,0.76925
2022-01-31,GAZOLE,0.78292
2022-02-07,GAZOLE,0.79538
2022-02-14,GAZOLE,0.8071799999999999
2022-02-21,GAZOLE,0.81183
2022-02-28,GAZOLE,0.8421799999999999
2022-03-07,GAZOLE,0.96017
2022-03-14,GAZOLE,1.17479
2022-03-21,GAZOLE,1.03718
2022-03-28,GAZOLE,1.15464
2022-04-04,GAZOLE,0.96677
2022-04-11,GAZOLE,0.90796
2022-04-25,GAZOLE,0.9541499999999999
2022-05-02,GAZOLE,0.95878
2022-05-09,GAZOLE,1.0107599999999999
2022-05-16,GAZOLE,0.95623
2022-05-23,GAZOLE,0.93425
2022-05-30,GAZOLE,0.91427
2022-06-06,GAZOLE,1.02545
2022-06-13,GAZOLE,1.11536
2022-06-20,GAZOLE,1.16968
2022-06-27,GAZOLE,1.1660599999999999
2022-07-04,GAZOLE,1.11117
2022-07-11,GAZOLE,1.05304
2022-07-18,GAZOLE,1.0322
2022-07-25,GAZOLE,1.00281
2022-08-01,GAZOLE,0.95609
2022-08-08,GAZOLE,0.9236599999999999
2022-08-15,GAZOLE,0.88249
2022-08-22,GAZOLE,0.92423
2022-08-29,GAZOLE,1.01491
2022-09-05,GAZOLE,0.87429
2022-09-12,GAZOLE,0.8531799999999999
2022-09-19,GAZOLE,0.80463
2022-09-26,GAZOLE,0.77365
2022-10-03,GAZOLE,0.80391
2022-10-10,GAZOLE,0.89379
2022-10-17,GAZOLE,0.9917999999999999
2022-10-24,GAZOLE,0.97862
2022-10-31,GAZOLE,0.94737
2022-11-07,GAZOLE,0.9175099999999999
2022-11-14,GAZOLE,0.89259
2022-11-21,GAZOLE,0.97913
2022-11-28,GAZOLE,0.9418500000000001
2022-12-05,GAZOLE,0.90775
2022-12-12,GAZOLE,0.83427
2022-12-19,GAZOLE,0.84317
2022-12-26,GAZOLE,0.84872
2023-01-02,GAZOLE,0.8630099999999999
2023-01-09,GAZOLE,0.97382
2023-01-16,GAZOLE,0.96147
2023-01-23,GAZOLE,0.98782
2023-01-30,GAZOLE,1.01032
2023-02-06,GAZOLE,0.96372
2023-02-13,GAZOLE,0.9142100000000001
2023-02-20,GAZOLE,0.9228200000000001
2023-02-27,GAZOLE,0.8994500000000001
2023-03-06,GAZOLE,0.90103
2023-03-13,GAZOLE,0.9229299999999999
2023-03-20,GAZOLE,0.90623
2023-03-27,GAZOLE,0.90452
2023-04-03,GAZOLE,0.8987200000000001
2023-04-10,GAZOLE,0.89219
2023-04-17,GAZOLE,0.89087
2023-04-24,GAZOLE,0.85945
2023-05-01,GAZOLE,0.82432
2023-05-08,GAZOLE,0.77892
2023-05-15,GAZOLE,0.77061
2023-05-22,GAZOLE,0.77442
2023-05-29,GAZOLE,0.78453
2023-06-05,GAZOLE,0.7792
2023-06-12,GAZOLE,0.79072
2023-06-19,GAZOLE,0.7876599999999999
2023-06-26,GAZOLE,0.81056
2023-07-03,GAZOLE,0.78698
2023-07-10,GAZOLE,0.7791699999999999
2023-07-17,GAZOLE,0.80338
2023-07-24,GAZOLE,0.80786
2023-07-31,GAZOLE,0.84089
2023-08-07,GAZOLE,0.8963300000000001
2023-08-14,GAZOLE,0.91986
2023-08-21,GAZOLE,0.91903
2023-08-28,GAZOLE,0.91099
2023-09-04,GAZOLE,0.93991
2023-09-11,GAZOLE,0.9590599999999999
2023-09-18,GAZOLE,0.99882
2023-09-25,GAZOLE,1.00847
2023-10-02,GAZOLE,0.98442
2023-10-09,GAZOLE,0.96776
2023-10-16,GAZOLE,0.931
2023-10-23,GAZOLE,0.95914
2023-10-30,GAZOLE,0.9361799999999999
2023-11-06,GAZOLE,0.92986
2023-11-13,GAZOLE,0.89742
2023-11-20,GAZOLE,0.8919199999999999
2023-11-27,GAZOLE,0.8753200000000001
2023-12-04,GAZOLE,0.87701
2023-12-11,GAZOLE,0.84687
2023-12-18,GAZOLE,0.83602
2023-12-25,GAZOLE,0.84286
2024-01-01,GAZOLE,0.84862
2024-01-08,GAZOLE,0.83093
2024-01-15,GAZOLE,0.8267
2024-01-22,GAZOLE,0.83787
2024-01-29,GAZOLE,0.8540599999999999
2024-02-05,GAZOLE,0.88558
2024-02-12,GAZOLE,0.8885599999999999
2024-02-19,GAZOLE,0.91622
2024-02-26,GAZOLE,0.90351
2024-03-04,GAZOLE,0.88928
2024-03-11,GAZOLE,0.87866
2024-03-18,GAZOLE,0.87337
2024-03-25,GAZOLE,0.88037
2024-04-01,GAZOLE,0.8618300000000001
2024-04-08,GAZOLE,0.8826499999999999
2024-04-15,GAZOLE,0.8833799999999999
2024-04-22,GAZOLE,0.86502
2024-04-29,GAZOLE,0.85117
2024-05-06,GAZOLE,0.84102
2024-05-13,GAZOLE,0.82328
2024-05-20,GAZOLE,0.81174
2024-05-27,GAZOLE,0.80655
2024-06-03,GAZOLE,0.80396
2024-06-10,GAZOLE,0.78596
2024-06-17,GAZOLE,0.7931900000000001
2024-06-24,GAZOLE,0.8188099999999999
2024-07-01,GAZOLE,0.82855
2024-07-08,GAZOLE,0.8272
2024-07-15,GAZOLE,0.82889
2024-07-22,GAZOLE,0.8052699999999999
2024-07-29,GAZOLE,0.79311
2024-08-05,GAZOLE,0.77849
2024-08-12,GAZOLE,0.77485
2024-08-19,GAZOLE,0.76175
2024-08-26,GAZOLE,0.7532000000000001
2024-09-02,GAZOLE,0.73219
2024-09-09,GAZOLE,0.73422
2024-09-16,GAZOLE,0.71502
2024-09-23,GAZOLE,0.7093700000000001
2024-09-30,GAZOLE,0.71236
2024-10-07,GAZOLE,0.71654
2024-10-14,GAZOLE,0.74372
2024-10-21,GAZOLE,0.73997
2024-10-28,GAZOLE,0.7225199999999999
2024-11-04,GAZOLE,0.72511
2024-11-11,GAZOLE,0.74051
2024-11-18,GAZOLE,0.74533
2024-11-25,GAZOLE,0.75921
2024-12-02,GAZOLE,0.76964
2024-12-09,GAZOLE,0.76242
2024-12-16,GAZOLE,0.75907
2024-12-23,GAZOLE,0.75747
2024-12-30,GAZOLE,0.77058
2025-01-06,GAZOLE,0.78225
2025-01-13,GAZOLE,0.79152
2025-01-20,GAZOLE,0.82687
2025-01-27,GAZOLE,0.82912
2025-02-03,GAZOLE,0.8081699999999999
2025-02-10,GAZOLE,0.8030900000000001
2025-02-17,GAZOLE,0.80917
2025-02-24,GAZOLE,0.79552
2025-03-03,GAZOLE,0.7968
2025-03-10,GAZOLE,0.77452
2025-03-17,GAZOLE,0.7505700000000001
2025-03-24,GAZOLE,0.74045
2025-03-31,GAZOLE,0.74713
2025-04-07,GAZOLE,0.74887
2025-04-14,GAZOLE,0.70323
2025-04-21,GAZOLE,0.6642100000000001
2025-04-28,GAZOLE,0.6850700000000001
2025-05-05,GAZOLE,0.68208
2025-05-12,GAZOLE,0.6679299999999999
2025-05-19,GAZOLE,0.68288
2025-05-26,GAZOLE,0.6830499999999999
2025-06-02,GAZOLE,0.6794199999999999
2025-06-09,GAZOLE,0.6787799999999999
2025-06-16,GAZOLE,0.68845
2025-06-23,GAZOLE,0.75763
2025-06-30,GAZOLE,0.75991
2025-07-07,GAZOLE,0.7150700000000001
2025-07-14,GAZOLE,0.75754
2025-07-21,GAZOLE,0.75862
2025-07-28,GAZOLE,0.7583
2025-08-04,GAZOLE,0.73762
2025-08-11,GAZOLE,0.737
2025-08-18,GAZOLE,0.72134
2025-08-25,GAZOLE,0.71345
2025-09-01,GAZOLE,0.70713
2025-09-08,GAZOLE,0.70596
2025-09-15,GAZOLE,0.7330800000000001
2025-09-22,GAZOLE,0.73841
2025-09-29,GAZOLE,0.7415499999999999
2025-10-06,GAZOLE,0.7425499999999998
2025-10-13,GAZOLE,0.728779875
2025-10-20,GAZOLE,0.6861676916666666
2025-10-27,GAZOLE,0.7161694499999999
2025-11-03,GAZOLE,0.749735175
2025-11-10,GAZOLE,0.77249
2025-11-17,GAZOLE,0.7890621083333333
2025-11-24,GAZOLE,0.8049039166666664
2025-12-01,GAZOLE,0.7751833333333333
2025-12-08,GAZOLE,0.7510666666666667
2025-12-15,GAZOLE,0.7248083333333333
2025-12-22,GAZOLE,0.6656916666666665
2025-12-29,GAZOLE,0.6908583333333332
2026-01-05,GAZOLE,0.7170500000000001
2026-01-12,GAZOLE,0.744625
2026-01-19,GAZOLE,0.7588416666666666
2026-01-26,GAZOLE,0.7745833333333334
2026-02-02,GAZOLE,0.7772166666666667
2026-02-09,GAZOLE,0.7846416666666667
2026-02-16,GAZOLE,0.7830083333333332
2026-02-23,GAZOLE,0.7672666666666667
2026-03-02,GAZOLE,0.8099500000000001
2026-03-09,GAZOLE,1.0195583333333333
2026-03-16,GAZOLE,1.0736416666666664
2026-03-23,GAZOLE,1.149825
2026-03-30,GAZOLE,1.2165
2026-04-06,GAZOLE,1.2539166666666666
2026-04-13,GAZOLE,1.32075
2026-04-20,GAZOLE,1.2626083333333336
2026-04-27,GAZOLE,1.1957583333333333
2026-05-04,GAZOLE,1.1929083333333332
2026-05-11,GAZOLE,1.1896333333333333
2026-05-18,GAZOLE,1.1578666666666668
2026-05-25,GAZOLE,1.1631416666666667
2026-06-01,GAZOLE,1.0962833333333333
2026-06-08,GAZOLE,1.0711666666666668
2026-06-15,GAZOLE,1.0552333333333332
2026-06-22,GAZOLE,0.9673499999999999
2026-06-29,GAZOLE,0.9500583333333332
2026-07-06,GAZOLE,0.9449916666666667
2026-07-13,GAZOLE,1.0157583333333335
2026-07-20,GAZOLE,1.1145083333333332
2026-07-27,GAZOLE,1.1995416666666665
2026-08-03,GAZOLE,1.2390166666666669
2026-08-10,GAZOLE,1.2000333333333333
2026-08-17,GAZOLE,1.2252833333333335
2026-08-24,GAZOLE,1.2518083333333334
2026-08-31,GAZOLE,1.2329583333333334
2026-09-07,GAZOLE,1.2734416666666668
2026-09-14,GAZOLE,1.3014499999999998
2020-01-06,SP95,0.58911
2020-01-13,SP95,0.59897
2020-01-20,SP95,0.59214
2020-01-27,SP95,0.58728
2020-02-03,SP95,0.57205
2020-02-10,SP95,0.55776
2020-02-17,SP95,0.55432
2020-02-24,SP95,0.54949
2020-03-02,SP95,0.54912
2020-03-09,SP95,0.5244800000000001
2020-03-16,SP95,0.47906
2020-03-23,SP95,0.42022000000000004
2020-03-30,SP95,0.39602
2020-04-06,SP95,0.3821
2020-04-20,SP95,0.36048
2020-04-27,SP95,0.34631
2020-05-04,SP95,0.33338
2020-05-11,SP95,0.33392
2020-05-18,SP95,0.34552999999999995
2020-05-25,SP95,0.36567
2020-06-01,SP95,0.37757
2020-06-08,SP95,0.38256
2020-06-15,SP95,0.40247000000000005
2020-06-22,SP95,0.4071
2020-06-29,SP95,0.42447
2020-07-06,SP95,0.41683
2020-07-13,SP95,0.42875
2020-07-20,SP95,0.43242
2020-07-27,SP95,0.43011
2020-08-03,SP95,0.41494
2020-08-10,SP95,0.41537999999999997
2020-08-17,SP95,0.41837
2020-08-24,SP95,0.42163999999999996
2020-08-31,SP95,0.41945
2020-09-07,SP95,0.41905000000000003
2020-09-14,SP95,0.41966000000000003
2020-09-21,SP95,0.41374
2020-09-28,SP95,0.41583
2020-10-05,SP95,0.41762
2020-10-12,SP95,0.42219999999999996
2020-10-19,SP95,0.42592
2020-10-26,SP95,0.41237999999999997
2020-11-02,SP95,0.41617000000000004
2020-11-09,SP95,0.40842
2020-11-16,SP95,0.41199
2020-11-23,SP95,0.41643
2020-11-30,SP95,0.42439
2020-12-07,SP95,0.42995999999999995
2020-12-14,SP95,0.4338
2020-12-21,SP95,0.44029
2021-01-11,SP95,0.46697000000000005
2021-01-18,SP95,0.48998
2021-01-25,SP95,0.49622000000000005
2021-02-01,SP95,0.49639
2021-02-08,SP95,0.50422
2021-02-15,SP95,0.51297
2021-02-22,SP95,0.5296900000000001
2021-03-01,SP95,0.5425399999999999
2021-03-08,SP95,0.55067
2021-03-15,SP95,0.56677
2021-03-22,SP95,0.57677
2021-03-29,SP95,0.56902
2021-04-12,SP95,0.57065
2021-04-19,SP95,0.57229
2021-04-26,SP95,0.57605
2021-05-03,SP95,0.57257
2021-05-10,SP95,0.5843200000000001
2021-05-17,SP95,0.57824
2021-05-24,SP95,0.57805
2021-05-31,SP95,0.57601
2021-06-07,SP95,0.5826699999999999
2021-06-14,SP95,0.58487
2021-06-21,SP95,0.58875
2021-06-28,SP95,0.59881
2021-07-05,SP95,0.61327
2021-07-12,SP95,0.61541
2021-07-19,SP95,0.6287
2021-07-26,SP95,0.62739
2021-08-02,SP95,0.6192799999999999
2021-08-09,SP95,0.63173
2021-08-16,SP95,0.63015
2021-08-23,SP95,0.62348
2021-08-30,SP95,0.61637
2021-09-06,SP95,0.61584
2021-09-13,SP95,0.6299199999999999
2021-09-20,SP95,0.63328
2021-09-27,SP95,0.63139
2021-10-04,SP95,0.64543
2021-10-11,SP95,0.6697000000000001
2021-10-18,SP95,0.6892699999999999
2021-10-25,SP95,0.68267
2021-11-01,SP95,0.69169
2021-11-08,SP95,0.69416
2021-11-15,SP95,0.69117
2021-11-22,SP95,0.69632
2021-11-29,SP95,0.6861
2021-12-06,SP95,0.67035
2021-12-13,SP95,0.66872
2021-12-20,SP95,0.67086
2022-01-03,SP95,0.66647
2022-01-10,SP95,0.71063
2022-01-17,SP95,0.73112
2022-01-24,SP95,0.7461
2022-01-31,SP95,0.76407
2022-02-07,SP95,0.77983
2022-02-14,SP95,0.79287
2022-02-21,SP95,0.80237
2022-02-28,SP95,0.8198200000000001
2022-03-07,SP95,0.8827999999999999
2022-03-14,SP95,1.0441099999999999
2022-03-21,SP95,0.95341
2022-03-28,SP95,0.9788300000000001
2022-04-04,SP95,0.8357
2022-04-11,SP95,0.80272
2022-04-25,SP95,0.8005
2022-05-02,SP95,0.81059
2022-05-09,SP95,0.86353
2022-05-16,SP95,0.8855299999999999
2022-05-23,SP95,0.95216
2022-05-30,SP95,0.94448
2022-06-06,SP95,1.05968
2022-06-13,SP95,1.08449
2022-06-20,SP95,1.0828499999999999
2022-06-27,SP95,1.0476500000000002
2022-07-04,SP95,1.04397
2022-07-11,SP95,0.99948
2022-07-18,SP95,0.97603
2022-07-25,SP95,0.912
2022-08-01,SP95,0.8460700000000001
2022-08-08,SP95,0.83884
2022-08-15,SP95,0.79152
2022-08-22,SP95,0.78432
2022-08-29,SP95,0.79175
2022-09-05,SP95,0.65751
2022-09-12,SP95,0.61617
2022-09-19,SP95,0.6043099999999999
2022-09-26,SP95,0.59813
2022-10-03,SP95,0.62012
2022-10-10,SP95,0.6787000000000001
2022-10-17,SP95,0.74766
2022-10-24,SP95,0.72951
2022-10-31,SP95,0.70252
2022-11-07,SP95,0.7084199999999999
2022-11-14,SP95,0.7132999999999999
2022-11-21,SP95,0.7944
2022-11-28,SP95,0.77249
2022-12-05,SP95,0.75333
2022-12-12,SP95,0.71956
2022-12-19,SP95,0.69229
2022-12-26,SP95,0.6879700000000001
2023-01-02,SP95,0.70773
2023-01-09,SP95,0.85174
2023-01-16,SP95,0.8563999999999999
2023-01-23,SP95,0.8927200000000001
2023-01-30,SP95,0.91989
2023-02-06,SP95,0.91692
2023-02-13,SP95,0.89522
2023-02-20,SP95,0.89788
2023-02-27,SP95,0.89
2023-03-06,SP95,0.8803200000000001
2023-03-13,SP95,0.90591
2023-03-20,SP95,0.90263
2023-03-27,SP95,0.90987
2023-04-03,SP95,0.9220900000000001
2023-04-10,SP95,0.93312
2023-04-17,SP95,0.9430299999999999
2023-04-24,SP95,0.92647
2023-05-01,SP95,0.9010199999999999
2023-05-08,SP95,0.86854
2023-05-15,SP95,0.8547
2023-05-22,SP95,0.85077
2023-05-29,SP95,0.87227
2023-06-05,SP95,0.86829
2023-06-12,SP95,0.87403
2023-06-19,SP95,0.86948
2023-06-26,SP95,0.86765
2023-07-03,SP95,0.83035
2023-07-10,SP95,0.81948
2023-07-17,SP95,0.83808
2023-07-24,SP95,0.84777
2023-07-31,SP95,0.88621
2023-08-07,SP95,0.90064
2023-08-14,SP95,0.90277
2023-08-21,SP95,0.9194199999999999
2023-08-28,SP95,0.91963
2023-09-04,SP95,0.9395
2023-09-11,SP95,0.94349
2023-09-18,SP95,0.94821
2023-09-25,SP95,0.95166
2023-10-02,SP95,0.9141
2023-10-09,SP95,0.87622
2023-10-16,SP95,0.83824
2023-10-23,SP95,0.85088
2023-10-30,SP95,0.84713
2023-11-06,SP95,0.85812
2023-11-13,SP95,0.84239
2023-11-20,SP95,0.84497
2023-11-27,SP95,0.8168500000000001
2023-12-04,SP95,0.81953
2023-12-11,SP95,0.80744
2023-12-18,SP95,0.80234
2023-12-25,SP95,0.8079
2024-01-01,SP95,0.81348
2024-01-08,SP95,0.8138
2024-01-15,SP95,0.80764
2024-01-22,SP95,0.8156100000000001
2024-01-29,SP95,0.829
2024-02-05,SP95,0.84353
2024-02-12,SP95,0.84554
2024-02-19,SP95,0.86782
2024-02-26,SP95,0.8656900000000001
2024-03-04,SP95,0.86526
2024-03-11,SP95,0.87254
2024-03-18,SP95,0.87162
2024-03-25,SP95,0.89215
2024-04-01,SP95,0.8926799999999999
2024-04-08,SP95,0.91615
2024-04-15,SP95,0.9183300000000001
2024-04-22,SP95,0.9250700000000001
2024-04-29,SP95,0.92243
2024-05-06,SP95,0.91912
2024-05-13,SP95,0.90158
2024-05-20,SP95,0.88266
2024-05-27,SP95,0.87672
2024-06-03,SP95,0.86794
2024-06-10,SP95,0.8442799999999999
2024-06-17,SP95,0.84196
2024-06-24,SP95,0.84813
2024-07-01,SP95,0.85345
2024-07-08,SP95,0.85037
2024-07-15,SP95,0.85673
2024-07-22,SP95,0.83247
2024-07-29,SP95,0.82939
2024-08-05,SP95,0.81462
2024-08-12,SP95,0.8183400000000001
2024-08-19,SP95,0.80413
2024-08-26,SP95,0.79588
2024-09-02,SP95,0.77125
2024-09-09,SP95,0.7607
2024-09-16,SP95,0.7399600000000001
2024-09-23,SP95,0.74103
2024-09-30,SP95,0.7425900000000001
2024-10-07,SP95,0.74998
2024-10-14,SP95,0.76747
2024-10-21,SP95,0.7768200000000001
2024-10-28,SP95,0.76039
2024-11-04,SP95,0.76535
2024-11-11,SP95,0.7678200000000001
2024-11-18,SP95,0.76663
2024-11-25,SP95,0.77304
2024-12-02,SP95,0.7760499999999999
2024-12-09,SP95,0.7718700000000001
2024-12-16,SP95,0.7774
2024-12-23,SP95,0.77242
2024-12-30,SP95,0.7843
2025-01-06,SP95,0.79715
2025-01-13,SP95,0.80151
2025-01-20,SP95,0.82084
2025-01-27,SP95,0.82178
2025-02-03,SP95,0.81192
2025-02-10,SP95,0.81138
2025-02-17,SP95,0.8144199999999999
2025-02-24,SP95,0.79199
2025-03-03,SP95,0.79102
2025-03-10,SP95,0.7698200000000001
2025-03-17,SP95,0.74711
2025-03-24,SP95,0.75122
2025-03-31,SP95,0.77022
2025-04-07,SP95,0.7859299999999999
2025-04-14,SP95,0.7410599999999999
2025-04-21,SP95,0.70147
2025-04-28,SP95,0.72575
2025-05-05,SP95,0.72314
2025-05-12,SP95,0.71311
2025-05-19,SP95,0.73285
2025-05-26,SP95,0.73175
2025-06-02,SP95,0.72984
2025-06-09,SP95,0.7281299999999999
2025-06-16,SP95,0.73288
2025-06-23,SP95,0.75489
2025-06-30,SP95,0.75452
2025-07-07,SP95,0.7056699999999999
2025-07-14,SP95,0.73462
2025-07-21,SP95,0.73213
2025-07-28,SP95,0.72811
2025-08-04,SP95,0.71716
2025-08-11,SP95,0.73552
2025-08-18,SP95,0.7300099999999999
2025-08-25,SP95,0.7273
2025-09-01,SP95,0.71661
2025-09-08,SP95,0.71792
2025-09-15,SP95,0.74509
2025-09-22,SP95,0.74902
2025-09-29,SP95,0.7460800000000001
2025-10-06,SP95,0.7468416666666667
2025-10-13,SP95,0.7369579333333334
2025-10-20,SP95,0.7026479083333333
2025-10-27,SP95,0.7234481999999999
2025-11-03,SP95,0.7363787083333334
2025-11-10,SP95,0.74066
2025-11-17,SP95,0.7553655841666668
2025-11-24,SP95,0.7594379958333334
2025-12-01,SP95,0.7438916666666666
2025-12-08,SP95,0.7436833333333331
2025-12-15,SP95,0.7314166666666665
2025-12-22,SP95,0.6683333333333333
2025-12-29,SP95,0.69755
2026-01-05,SP95,0.7119583333333332
2026-01-12,SP95,0.7339749999999999
2026-01-19,SP95,0.7471583333333333
2026-01-26,SP95,0.7461916666666667
2026-02-02,SP95,0.7477583333333332
2026-02-09,SP95,0.7535749999999999
2026-02-16,SP95,0.7627916666666665
2026-02-23,SP95,0.7350249999999998
2026-03-02,SP95,0.775175
2026-03-09,SP95,0.8455833333333332
2026-03-16,SP95,0.8914083333333334
2026-03-23,SP95,0.9539833333333333
2026-03-30,SP95,0.9840916666666667
2026-04-06,SP95,1.0028166666666667
2026-04-13,SP95,1.0065833333333332
2026-04-20,SP95,0.9952666666666664
2026-04-27,SP95,0.9896666666666665
2026-05-04,SP95,1.018575
2026-05-11,SP95,1.045875
2026-05-18,SP95,1.0452999999999997
2026-05-25,SP95,1.0668916666666668
2026-06-01,SP95,1.0289416666666664
2026-06-08,SP95,0.9839333333333334
2026-06-15,SP95,0.970675
2026-06-22,SP95,0.9366916666666666
2026-06-29,SP95,0.9225166666666667
2026-07-06,SP95,0.9106749999999999
2026-07-13,SP95,0.9461499999999998
2026-07-20,SP95,0.9848749999999997
2026-07-27,SP95,1.0240833333333332
2026-08-03,SP95,1.0313833333333335
2026-08-10,SP95,0.9881833333333332
2026-08-17,SP95,1.0084083333333334
2026-08-24,SP95,1.0292666666666668
2026-08-31,SP95,1.0374333333333332
2026-09-07,SP95,1.07225
2026-09-14,SP95,1.1200749999999997
