fuel,factor,effect_column,level,effect_cent_l,provisional_effect_cent_l,raw_effect_cent_l,n_obs,n_stations,confidence,status,constraint_applied,shrinkage_stations,is_active,role
GAZOLE,code_region,region_effect_cent_l,11,3.372947945807964,3.372947945807964,3.6911505822049415,15407,848,HIGH,ESTIMATED,NONE,80.0,True,ACTIVE
GAZOLE,code_region,region_effect_cent_l,24,-0.17046517236765255,-0.17046517236765255,-0.19985571932759263,8105,464,HIGH,ESTIMATED,NONE,80.0,True,ACTIVE
GAZOLE,code_region,region_effect_cent_l,27,1.1083632581423257,1.1083632581423257,1.2332492590597708,12115,710,HIGH,ESTIMATED,NONE,80.0,True,ACTIVE
GAZOLE,code_region,region_effect_cent_l,28,-0.4818604130286807,-0.4818604130286807,-0.5490186587469638,10685,574,HIGH,ESTIMATED,NONE,80.0,True,ACTIVE
GAZOLE,code_region,region_effect_cent_l,32,-0.32107300952386025,-0.32107300952386025,-0.35251222710269603,15239,817,HIGH,ESTIMATED,NONE,80.0,True,ACTIVE
GAZOLE,code_region,region_effect_cent_l,44,0.5850708239832693,0.5850708239832693,0.6370193988097527,16059,901,HIGH,ESTIMATED,NONE,80.0,True,ACTIVE
GAZOLE,code_region,region_effect_cent_l,52,-1.4576669089756813,-1.4576669089756813,-1.667781058017221,10303,555,HIGH,ESTIMATED,NONE,80.0,True,ACTIVE
GAZOLE,code_region,region_effect_cent_l,53,-1.5881657766027524,-1.5881657766027524,-1.818334729733586,10436,552,HIGH,ESTIMATED,NONE,80.0,True,ACTIVE
GAZOLE,code_region,region_effect_cent_l,75,-0.6559423235520604,-0.6559423235520604,-0.7009855732380388,21097,1165,HIGH,ESTIMATED,NONE,80.0,True,ACTIVE
GAZOLE,code_region,region_effect_cent_l,76,0.3434002012318497,0.3434002012318497,0.3674984609674181,20666,1140,HIGH,ESTIMATED,NONE,80.0,True,ACTIVE
GAZOLE,code_region,region_effect_cent_l,84,0.8981750637598794,0.8981750637598794,0.9498685926093688,24555,1390,HIGH,ESTIMATED,NONE,80.0,True,ACTIVE
GAZOLE,code_region,region_effect_cent_l,93,0.43292306309616363,0.43292306309616363,0.47536650065461106,14593,816,HIGH,ESTIMATED,NONE,80.0,True,ACTIVE
GAZOLE,code_departement,department_effect_cent_l,01,-0.6143480363180707,-0.6143480363180707,-0.8125248222271257,2180,124,HIGH,ESTIMATED,NONE,40.0,True,ACTIVE
GAZOLE,code_departement,department_effect_cent_l,02,-0.04352985828072862,-0.04352985828072862,-0.06185821966208804,1686,95,MEDIUM,ESTIMATED,NONE,40.0,True,ACTIVE
GAZOLE,code_departement,department_effect_cent_l,03,0.4985788281638965,0.4985788281638965,0.730475957542453,1475,86,MEDIUM,ESTIMATED,NONE,40.0,True,ACTIVE
GAZOLE,code_departement,department_effect_cent_l,04,0.5048949328743684,0.5048949328743684,0.8655341706417744,903,56,MEDIUM,ESTIMATED,NONE,40.0,True,ACTIVE
GAZOLE,code_departement,department_effect_cent_l,05,-0.2244769796587542,-0.2244769796587542,-0.4332927746901535,798,43,MEDIUM,ESTIMATED,NONE,40.0,True,ACTIVE
GAZOLE,code_departement,department_effect_cent_l,06,4.913379324047387,4.913379324047387,6.259510645704205,2577,146,HIGH,ESTIMATED,NONE,40.0,True,ACTIVE
GAZOLE,code_departement,department_effect_cent_l,07,0.395512592821,0.395512592821,0.6036771153583684,1380,76,MEDIUM,ESTIMATED,NONE,40.0,True,ACTIVE
GAZOLE,code_departement,department_effect_cent_l,08,0.12217554752600931,0.12217554752600931,0.21799950636993817,873,51,MEDIUM,ESTIMATED,NONE,40.0,True,ACTIVE
GAZOLE,code_departement,department_effect_cent_l,09,0.3605241133800847,0.3605241133800847,0.7846701291213608,656,34,MEDIUM,ESTIMATED,NONE,40.0,True,ACTIVE
GAZOLE,code_departement,department_effect_cent_l,10,0.40418305141084154,0.40418305141084154,0.641937787534866,1210,68,MEDIUM,ESTIMATED,NONE,40.0,True,ACTIVE
GAZOLE,code_departement,department_effect_cent_l,11,-0.33070272829780795,-0.33070272829780795,-0.48274995969909895,1618,87,MEDIUM,ESTIMATED,NONE,40.0,True,ACTIVE
GAZOLE,code_departement,department_effect_cent_l,12,0.1114523538912022,0.1114523538912022,0.1609867333984032,1648,90,MEDIUM,ESTIMATED,NONE,40.0,True,ACTIVE
GAZOLE,code_departement,department_effect_cent_l,13,-0.17602832478896788,-0.17602832478896788,-0.20135614130536614,5052,278,HIGH,ESTIMATED,NONE,40.0,True,ACTIVE
GAZOLE,code_departement,department_effect_cent_l,14,-0.5566384649822091,-0.5566384649822091,-0.7376591040008138,2313,123,HIGH,ESTIMATED,NONE,40.0,True,ACTIVE
GAZOLE,code_departement,department_effect_cent_l,15,1.1877790400173827,1.1877790400173827,2.1014552246461387,887,52,MEDIUM,ESTIMATED,NONE,40.0,True,ACTIVE
GAZOLE,code_departement,department_effect_cent_l,16,-1.0656432386160313,-1.0656432386160313,-1.6834074349151797,1245,69,MEDIUM,ESTIMATED,NONE,40.0,True,ACTIVE
GAZOLE,code_departement,department_effect_cent_l,17,-1.6553839025805195,-1.6553839025805195,-2.2165309882010344,2192,118,HIGH,ESTIMATED,NONE,40.0,True,ACTIVE
GAZOLE,code_departement,department_effect_cent_l,18,0.6711057483832605,0.6711057483832605,1.084093901234498,1139,65,MEDIUM,ESTIMATED,NONE,40.0,True,ACTIVE
GAZOLE,code_departement,department_effect_cent_l,19,0.3748782835930879,0.3748782835930879,0.605572611958065,1133,65,MEDIUM,ESTIMATED,NONE,40.0,True,ACTIVE
GAZOLE,code_departement,department_effect_cent_l,21,0.054954707069893256,0.054954707069893256,0.07148243851948521,2227,133,HIGH,ESTIMATED,NONE,40.0,True,ACTIVE
GAZOLE,code_departement,department_effect_cent_l,22,-0.7889692083998592,-0.7889692083998592,-1.0610275561239486,2165,116,HIGH,ESTIMATED,NONE,40.0,True,ACTIVE
GAZOLE,code_departement,department_effect_cent_l,23,0.5446181867008485,0.5446181867008485,1.1853454651724349,621,34,MEDIUM,ESTIMATED,NONE,40.0,True,ACTIVE
GAZOLE,code_departement,department_effect_cent_l,24,0.47166375584450915,0.47166375584450915,0.6603292581823128,1852,100,HIGH,ESTIMATED,NONE,40.0,True,ACTIVE
GAZOLE,code_departement,department_effect_cent_l,25,0.45362794090885267,0.45362794090885267,0.6248082959687971,1943,106,HIGH,ESTIMATED,NONE,40.0,True,ACTIVE
GAZOLE,code_departement,department_effect_cent_l,26,-0.8496197354395736,-0.8496197354395736,-1.1328263139194314,2112,120,HIGH,ESTIMATED,NONE,40.0,True,ACTIVE
GAZOLE,code_departement,department_effect_cent_l,27,-0.25902800419710587,-0.25902800419710587,-0.3658436760309639,1821,97,MEDIUM,ESTIMATED,NONE,40.0,True,ACTIVE
GAZOLE,code_departement,department_effect_cent_l,28,-1.2062563508132726,-1.2062563508132726,-1.8328830265604272,1309,77,MEDIUM,ESTIMATED,NONE,40.0,True,ACTIVE
GAZOLE,code_departement,department_effect_cent_l,29,-1.2365013423555167,-1.2365013423555167,-1.5799739374542714,2771,144,HIGH,ESTIMATED,NONE,40.0,True,ACTIVE
GAZOLE,code_departement,department_effect_cent_l,30,-0.2445219656359085,-0.2445219656359085,-0.31291971826133747,2521,143,HIGH,ESTIMATED,NONE,40.0,True,ACTIVE
GAZOLE,code_departement,department_effect_cent_l,31,-0.28274550451005515,-0.28274550451005515,-0.3390132666016084,3732,201,HIGH,ESTIMATED,NONE,40.0,True,ACTIVE
GAZOLE,code_departement,department_effect_cent_l,32,0.41045281682424795,0.41045281682424795,0.7202285276350011,938,53,MEDIUM,ESTIMATED,NONE,40.0,True,ACTIVE
GAZOLE,code_departement,department_effect_cent_l,33,-0.6529138321038931,-0.6529138321038931,-0.7635771934774342,4244,236,HIGH,ESTIMATED,NONE,40.0,True,ACTIVE
GAZOLE,code_departement,department_effect_cent_l,34,0.17301065877699284,0.17301065877699284,0.2152083804299179,2936,164,HIGH,ESTIMATED,NONE,40.0,True,ACTIVE
GAZOLE,code_departement,department_effect_cent_l,35,-0.49182214517671785,-0.49182214517671785,-0.6229747172238427,2789,150,HIGH,ESTIMATED,NONE,40.0,True,ACTIVE
GAZOLE,code_departement,department_effect_cent_l,36,0.40700258753747415,0.40700258753747415,0.7326046575674535,856,50,MEDIUM,ESTIMATED,NONE,40.0,True,ACTIVE
GAZOLE,code_departement,department_effect_cent_l,37,-0.5570554617303264,-0.5570554617303264,-0.7941003390623802,1637,94,MEDIUM,ESTIMATED,NONE,40.0,True,ACTIVE
GAZOLE,code_departement,department_effect_cent_l,38,-0.3257916475204942,-0.3257916475204942,-0.39160814196907895,3435,198,HIGH,ESTIMATED,NONE,40.0,True,ACTIVE
GAZOLE,code_departement,department_effect_cent_l,39,-0.34994720641174726,-0.34994720641174726,-0.5090141184170869,1342,88,MEDIUM,ESTIMATED,NONE,40.0,True,ACTIVE
GAZOLE,code_departement,department_effect_cent_l,40,-0.10139301843644614,-0.10139301843644614,-0.1396545348275579,1861,106,HIGH,ESTIMATED,NONE,40.0,True,ACTIVE
GAZOLE,code_departement,department_effect_cent_l,41,0.3925343198118352,0.3925343198118352,0.634093901234503,1110,65,MEDIUM,ESTIMATED,NONE,40.0,True,ACTIVE
GAZOLE,code_departement,department_effect_cent_l,42,0.5917142052773147,0.5917142052773147,0.7723902984917619,2380,131,HIGH,ESTIMATED,NONE,40.0,True,ACTIVE
GAZOLE,code_departement,department_effect_cent_l,43,-0.654110256596433,-0.654110256596433,-1.1386363725937907,986,54,MEDIUM,ESTIMATED,NONE,40.0,True,ACTIVE
GAZOLE,code_departement,department_effect_cent_l,44,-1.277979368254433,-1.277979368254433,-1.5717677287726932,3256,174,HIGH,ESTIMATED,NONE,40.0,True,ACTIVE
GAZOLE,code_departement,department_effect_cent_l,45,-0.5678690080343349,-0.5678690080343349,-0.7688845860995863,2054,113,HIGH,ESTIMATED,NONE,40.0,True,ACTIVE
GAZOLE,code_departement,department_effect_cent_l,46,1.0252852920601956,1.0252852920601956,1.6562300871741622,1095,65,MEDIUM,ESTIMATED,NONE,40.0,True,ACTIVE
GAZOLE,code_departement,department_effect_cent_l,47,0.04963273649521844,0.04963273649521844,0.07271773021392469,1586,86,MEDIUM,ESTIMATED,NONE,40.0,True,ACTIVE
GAZOLE,code_departement,department_effect_cent_l,48,0.4707528372631206,0.4707528372631206,0.9662821396453528,673,38,MEDIUM,ESTIMATED,NONE,40.0,True,ACTIVE
GAZOLE,code_departement,department_effect_cent_l,49,-0.6014945205081997,-0.6014945205081997,-0.8284735848509166,2025,106,HIGH,ESTIMATED,NONE,40.0,True,ACTIVE
GAZOLE,code_departement,department_effect_cent_l,50,-0.0465132043949995,-0.0465132043949995,-0.06127930102833268,2251,126,HIGH,ESTIMATED,NONE,40.0,True,ACTIVE
GAZOLE,code_departement,department_effect_cent_l,51,-0.4957518949421994,-0.4957518949421994,-0.7112961970909817,1654,92,MEDIUM,ESTIMATED,NONE,40.0,True,ACTIVE
GAZOLE,code_departement,department_effect_cent_l,52,0.6468145240277912,0.6468145240277912,1.1172250869570939,886,55,MEDIUM,ESTIMATED,NONE,40.0,True,ACTIVE
GAZOLE,code_departement,department_effect_cent_l,53,-0.07188870864027636,-0.07188870864027636,-0.12513960392936996,1023,54,MEDIUM,ESTIMATED,NONE,40.0,True,ACTIVE
GAZOLE,code_departement,department_effect_cent_l,54,0.3168429980850486,0.3168429980850486,0.44358019731906806,1777,100,HIGH,ESTIMATED,NONE,40.0,True,ACTIVE
GAZOLE,code_departement,department_effect_cent_l,55,-0.29282556031948337,-0.29282556031948337,-0.601062992234729,715,38,MEDIUM,ESTIMATED,NONE,40.0,True,ACTIVE
GAZOLE,code_departement,department_effect_cent_l,56,-0.5420697487187628,-0.5420697487187628,-0.694765452583203,2711,142,HIGH,ESTIMATED,NONE,40.0,True,ACTIVE
GAZOLE,code_departement,department_effect_cent_l,57,0.6151647319602366,0.6151647319602366,0.7947748726785537,2443,137,HIGH,ESTIMATED,NONE,40.0,True,ACTIVE
GAZOLE,code_departement,department_effect_cent_l,58,0.8082732784030214,0.8082732784030214,1.338288542929593,1074,61,MEDIUM,ESTIMATED,NONE,40.0,True,ACTIVE
GAZOLE,code_departement,department_effect_cent_l,59,-0.4131745846455354,-0.4131745846455354,-0.4777331134964003,4807,256,HIGH,ESTIMATED,NONE,40.0,True,ACTIVE
GAZOLE,code_departement,department_effect_cent_l,60,-0.12157829439000215,-0.12157829439000215,-0.16244494796647346,2287,119,HIGH,ESTIMATED,NONE,40.0,True,ACTIVE
GAZOLE,code_departement,department_effect_cent_l,61,-0.008251591404640357,-0.008251591404640357,-0.013752652341067262,1080,60,MEDIUM,ESTIMATED,NONE,40.0,True,ACTIVE
GAZOLE,code_departement,department_effect_cent_l,62,-0.23174794474887012,-0.23174794474887012,-0.27102725741817013,4411,236,HIGH,ESTIMATED,NONE,40.0,True,ACTIVE
GAZOLE,code_departement,department_effect_cent_l,63,-0.3529229045220377,-0.3529229045220377,-0.467694580789367,2241,123,HIGH,ESTIMATED,NONE,40.0,True,ACTIVE
GAZOLE,code_departement,department_effect_cent_l,64,0.6131501879136538,0.6131501879136538,0.8209977092403161,2148,118,HIGH,ESTIMATED,NONE,40.0,True,ACTIVE
GAZOLE,code_departement,department_effect_cent_l,65,1.1460462029044705,1.1460462029044705,2.0109867333984104,894,53,MEDIUM,ESTIMATED,NONE,40.0,True,ACTIVE
GAZOLE,code_departement,department_effect_cent_l,66,-0.828679177504721,-0.828679177504721,-1.2827499596990886,1388,73,MEDIUM,ESTIMATED,NONE,40.0,True,ACTIVE
GAZOLE,code_departement,department_effect_cent_l,67,-0.22355479546839133,-0.22355479546839133,-0.28200049363006224,2793,153,HIGH,ESTIMATED,NONE,40.0,True,ACTIVE
GAZOLE,code_departement,department_effect_cent_l,68,-0.27745286374381506,-0.27745286374381506,-0.37150468196205744,2159,118,HIGH,ESTIMATED,NONE,40.0,True,ACTIVE
GAZOLE,code_departement,department_effect_cent_l,69,0.6180123876396233,0.6180123876396233,0.7403910782613309,3723,202,HIGH,ESTIMATED,NONE,40.0,True,ACTIVE
GAZOLE,code_departement,department_effect_cent_l,70,-0.4925578102011114,-0.4925578102011114,-0.8052929277891187,1079,63,MEDIUM,ESTIMATED,NONE,40.0,True,ACTIVE
GAZOLE,code_departement,department_effect_cent_l,71,0.38494705236248716,0.38494705236248716,0.4882885429295978,2591,149,HIGH,ESTIMATED,NONE,40.0,True,ACTIVE
GAZOLE,code_departement,department_effect_cent_l,72,0.6495923058775952,0.6495923058775952,0.9120538436059166,1728,99,MEDIUM,ESTIMATED,NONE,40.0,True,ACTIVE
GAZOLE,code_departement,department_effect_cent_l,73,0.4056121099339034,0.4056121099339034,0.5819652012095136,1525,92,MEDIUM,ESTIMATED,NONE,40.0,True,ACTIVE
GAZOLE,code_departement,department_effect_cent_l,74,1.769318758113987,1.769318758113987,2.305475957542468,2231,132,HIGH,ESTIMATED,NONE,40.0,True,ACTIVE
GAZOLE,code_departement,department_effect_cent_l,75,6.722834137940842,6.722834137940842,13.12553331693212,585,42,MEDIUM,ESTIMATED,NONE,40.0,True,ACTIVE
GAZOLE,code_departement,department_effect_cent_l,76,-0.39432721806764803,-0.39432721806764803,-0.48765910400081913,3220,169,HIGH,ESTIMATED,NONE,40.0,True,ACTIVE
GAZOLE,code_departement,department_effect_cent_l,77,-0.6490344378894992,-0.6490344378894992,-0.7924674628374548,3325,181,HIGH,ESTIMATED,NONE,40.0,True,ACTIVE
GAZOLE,code_departement,department_effect_cent_l,78,0.5028508421888963,0.5028508421888963,0.6406181962132516,2768,146,HIGH,ESTIMATED,NONE,40.0,True,ACTIVE
GAZOLE,code_departement,department_effect_cent_l,79,-1.2794972425432793,-1.2794972425432793,-1.9903290439562125,1283,72,MEDIUM,ESTIMATED,NONE,40.0,True,ACTIVE
GAZOLE,code_departement,department_effect_cent_l,80,0.05547055497421105,0.05547055497421105,0.07545994415410692,2048,111,HIGH,ESTIMATED,NONE,40.0,True,ACTIVE
GAZOLE,code_departement,department_effect_cent_l,81,-0.5363905776396233,-0.5363905776396233,-0.826331430417798,1337,74,MEDIUM,ESTIMATED,NONE,40.0,True,ACTIVE
GAZOLE,code_departement,department_effect_cent_l,82,-0.05989186676566585,-0.05989186676566585,-0.09674840015992175,1230,65,MEDIUM,ESTIMATED,NONE,40.0,True,ACTIVE
GAZOLE,code_departement,department_effect_cent_l,83,-0.32890367590489633,-0.32890367590489633,-0.40040447501465637,3263,184,HIGH,ESTIMATED,NONE,40.0,True,ACTIVE
GAZOLE,code_departement,department_effect_cent_l,84,0.052278939578629155,0.052278939578629155,0.0714638715340894,2000,109,HIGH,ESTIMATED,NONE,40.0,True,ACTIVE
GAZOLE,code_departement,department_effect_cent_l,85,-1.4037468118837044,-1.4037468118837044,-1.8639916682390174,2271,122,HIGH,ESTIMATED,NONE,40.0,True,ACTIVE
GAZOLE,code_departement,department_effect_cent_l,86,-0.07834802028945596,-0.07834802028945596,-0.11958382044180121,1370,76,MEDIUM,ESTIMATED,NONE,40.0,True,ACTIVE
GAZOLE,code_departement,department_effect_cent_l,87,-0.1960587720210563,-0.1960587720210563,-0.2883217235603769,1562,85,MEDIUM,ESTIMATED,NONE,40.0,True,ACTIVE
GAZOLE,code_departement,department_effect_cent_l,88,0.5316991974611034,0.5316991974611034,0.770665128904296,1549,89,MEDIUM,ESTIMATED,NONE,40.0,True,ACTIVE
GAZOLE,code_departement,department_effect_cent_l,89,1.685372930745493,1.685372930745493,2.4344275666323787,1515,90,MEDIUM,ESTIMATED,NONE,40.0,True,ACTIVE
GAZOLE,code_departement,department_effect_cent_l,90,-0.12423767220318865,-0.12423767220318865,-0.37271301660956596,344,20,LOW,ESTIMATED,NONE,40.0,True,ACTIVE
GAZOLE,code_departement,department_effect_cent_l,91,-0.30012217746393577,-0.30012217746393577,-0.3924674628374545,2478,130,HIGH,ESTIMATED,NONE,40.0,True,ACTIVE
GAZOLE,code_departement,department_effect_cent_l,92,4.80569998945636,4.80569998945636,7.475533316932116,1190,72,MEDIUM,ESTIMATED,NONE,40.0,True,ACTIVE
GAZOLE,code_departement,department_effect_cent_l,93,3.544793113621799,3.544793113621799,5.193534096701705,1546,86,MEDIUM,ESTIMATED,NONE,40.0,True,ACTIVE
GAZOLE,code_departement,department_effect_cent_l,94,4.2558688885137705,4.2558688885137705,6.3575325371625455,1468,81,MEDIUM,ESTIMATED,NONE,40.0,True,ACTIVE
GAZOLE,code_departement,department_effect_cent_l,95,0.08587878924555173,0.08587878924555173,0.11710743988029781,2047,110,HIGH,ESTIMATED,NONE,40.0,True,ACTIVE
GAZOLE,road_type,road_effect_cent_l,AUTOROUTE,10.192626137104867,10.192626137104867,12.418090359180164,5376,458,HIGH,ESTIMATED,NONE,100.0,True,ACTIVE
GAZOLE,road_type,road_effect_cent_l,ROUTE,-0.7337972175334878,-0.7337972175334878,-0.7415401448051296,173884,9477,HIGH,ESTIMATED,NONE,100.0,True,ACTIVE
GAZOLE,competition_bucket,competition_effect_cent_l,HIGH,-0.02895461208256292,-0.02895461208256292,-0.029685789155354914,56184,3168,HIGH,ESTIMATED,NONE,80.0,True,ACTIVE
GAZOLE,competition_bucket,competition_effect_cent_l,LOW,0.18952610419262333,0.18952610419262333,0.19570714305744596,35449,2453,HIGH,ESTIMATED,NONE,80.0,True,ACTIVE
GAZOLE,competition_bucket,competition_effect_cent_l,MEDIUM,-0.10659977884207847,-0.10659977884207847,-0.10904964448625148,55807,3481,HIGH,ESTIMATED,NONE,80.0,True,ACTIVE
GAZOLE,competition_bucket,competition_effect_cent_l,VERY_LOW,0.491890480491507,0.491890480491507,0.5103652403221739,31820,2130,HIGH,ESTIMATED,NONE,80.0,True,ACTIVE
GAZOLE,isolation_bucket,isolation_effect_cent_l,DENSE,0.2149781896268576,0.2149781896268576,0.2175319813781864,72494,4209,HIGH,ESTIMATED,NONE,50.0,True,ACTIVE
GAZOLE,isolation_bucket,isolation_effect_cent_l,ISOLATED,0.35970815481230856,0.35970815481230856,0.36874604814930123,30002,1990,HIGH,ESTIMATED,NONE,50.0,True,ACTIVE
GAZOLE,isolation_bucket,isolation_effect_cent_l,LOCAL,-0.24827110448224807,-0.24827110448224807,-0.2515284005263605,63578,3811,HIGH,ESTIMATED,NONE,50.0,True,ACTIVE
GAZOLE,isolation_bucket,isolation_effect_cent_l,VERY_ISOLATED,0.7081989814651163,0.7081989814651163,0.7449312937817717,13186,964,HIGH,ESTIMATED,NONE,50.0,True,ACTIVE
GAZOLE,accessibility_class,logistics_premium_cent_l,FERRY_ISLAND,0.0,0.0,-27.812726173473607,1,1,INSUFFICIENT,PROVISIONAL,INSUFFICIENT_ZEROED,10.0,False,DIAGNOSTIC_ONLY
GAZOLE,accessibility_class,logistics_premium_cent_l,MAINLAND,0.0,0.0,0.0,178930,9916,HIGH,ESTIMATED,NONE,10.0,False,DIAGNOSTIC_ONLY
GAZOLE,accessibility_class,logistics_premium_cent_l,REMOTE_ISOLATED,2.86402891667263,2.86402891667263,4.654046989593024,107,16,LOW,ESTIMATED,NONE,10.0,False,DIAGNOSTIC_ONLY
GAZOLE,accessibility_class,logistics_premium_cent_l,ROAD_CONNECTED_ISLAND,0.0,0.0,-2.8834152871181367,222,12,LOW,ESTIMATED,NONE,10.0,False,DIAGNOSTIC_ONLY
SP95,code_region,region_effect_cent_l,11,0.4234135231750701,0.4234135231750701,0.5766853867678556,2876,221,HIGH,ESTIMATED,NONE,80.0,True,ACTIVE
SP95,code_region,region_effect_cent_l,24,-0.4802470382897465,-0.4802470382897465,-0.671390138106561,2942,201,HIGH,ESTIMATED,NONE,80.0,True,ACTIVE
SP95,code_region,region_effect_cent_l,27,0.8001869274196598,0.8001869274196598,0.9841379452172827,5216,348,HIGH,ESTIMATED,NONE,80.0,True,ACTIVE
SP95,code_region,region_effect_cent_l,28,-0.9217242291319387,-0.9217242291319387,-1.1898621866975936,4061,275,HIGH,ESTIMATED,NONE,80.0,True,ACTIVE
SP95,code_region,region_effect_cent_l,32,-0.9942299975552219,-0.9942299975552219,-1.2475370033017752,4038,314,HIGH,ESTIMATED,NONE,80.0,True,ACTIVE
SP95,code_region,region_effect_cent_l,44,-0.34562736648467246,-0.34562736648467246,-0.4299267241638609,4450,328,HIGH,ESTIMATED,NONE,80.0,True,ACTIVE
SP95,code_region,region_effect_cent_l,52,-1.1900810238007888,-1.1900810238007888,-1.5917961373200424,3418,237,HIGH,ESTIMATED,NONE,80.0,True,ACTIVE
SP95,code_region,region_effect_cent_l,53,-1.924831864148168,-1.924831864148168,-2.4807399837577475,4229,277,HIGH,ESTIMATED,NONE,80.0,True,ACTIVE
SP95,code_region,region_effect_cent_l,75,-0.8600108504190358,-0.8600108504190358,-0.9938646792780297,7869,514,HIGH,ESTIMATED,NONE,80.0,True,ACTIVE
SP95,code_region,region_effect_cent_l,76,0.7026384658149324,0.7026384658149324,0.8367937814836546,6173,419,HIGH,ESTIMATED,NONE,80.0,True,ACTIVE
SP95,code_region,region_effect_cent_l,84,1.1616023598803287,1.1616023598803287,1.3175221397300372,8796,596,HIGH,ESTIMATED,NONE,80.0,True,ACTIVE
SP95,code_region,region_effect_cent_l,93,0.4840232812332575,0.4840232812332575,0.6301435170772598,3300,265,HIGH,ESTIMATED,NONE,80.0,True,ACTIVE
SP95,code_departement,department_effect_cent_l,01,-0.3835895865837993,-0.3835895865837993,-0.6196447167892143,924,65,MEDIUM,ESTIMATED,NONE,40.0,True,ACTIVE
SP95,code_departement,department_effect_cent_l,02,0.019345877245636734,0.019345877245636734,0.03970995855683329,542,38,MEDIUM,ESTIMATED,NONE,40.0,True,ACTIVE
SP95,code_departement,department_effect_cent_l,03,0.27193656597211824,0.27193656597211824,0.5438731319442365,556,40,MEDIUM,ESTIMATED,NONE,40.0,True,ACTIVE
SP95,code_departement,department_effect_cent_l,04,1.2377777076548218,1.2377777076548218,3.488282630663589,242,22,LOW,ESTIMATED,NONE,40.0,True,ACTIVE
SP95,code_departement,department_effect_cent_l,05,0.7659445605393398,0.7659445605393398,2.224886580614273,318,21,LOW,ESTIMATED,NONE,40.0,True,ACTIVE
SP95,code_departement,department_effect_cent_l,06,0.6130484899963305,0.6130484899963305,1.258362689992468,421,38,MEDIUM,ESTIMATED,NONE,40.0,True,ACTIVE
SP95,code_departement,department_effect_cent_l,07,1.015553771507211,1.015553771507211,2.057147383309479,674,39,MEDIUM,ESTIMATED,NONE,40.0,True,ACTIVE
SP95,code_departement,department_effect_cent_l,08,0.058327361497392906,0.058327361497392906,0.16437710967447092,275,22,LOW,ESTIMATED,NONE,40.0,True,ACTIVE
SP95,code_departement,department_effect_cent_l,09,0.3228197472806267,0.3228197472806267,1.3161112773748627,199,13,LOW,ESTIMATED,NONE,40.0,True,ACTIVE
SP95,code_departement,department_effect_cent_l,10,0.5489649947843503,0.5489649947843503,1.214377109674472,493,33,MEDIUM,ESTIMATED,NONE,40.0,True,ACTIVE
SP95,code_departement,department_effect_cent_l,11,0.19001157674601266,0.19001157674601266,0.47151020896232776,378,27,LOW,ESTIMATED,NONE,40.0,True,ACTIVE
SP95,code_departement,department_effect_cent_l,12,0.08348077776285967,0.08348077776285967,0.1453183909205335,913,54,MEDIUM,ESTIMATED,NONE,40.0,True,ACTIVE
SP95,code_departement,department_effect_cent_l,13,-0.3934028731933068,-0.3934028731933068,-0.5853067137754077,1011,82,MEDIUM,ESTIMATED,NONE,40.0,True,ACTIVE
SP95,code_departement,department_effect_cent_l,14,-0.03446243707688616,-0.03446243707688616,-0.05952602767825792,807,55,MEDIUM,ESTIMATED,NONE,40.0,True,ACTIVE
SP95,code_departement,department_effect_cent_l,15,1.121021009974231,1.121021009974231,2.3665999099455988,569,36,MEDIUM,ESTIMATED,NONE,40.0,True,ACTIVE
SP95,code_departement,department_effect_cent_l,16,-0.4120151563042951,-0.4120151563042951,-1.0712394063911672,304,25,LOW,ESTIMATED,NONE,40.0,True,ACTIVE
SP95,code_departement,department_effect_cent_l,17,-1.2671236574453657,-1.2671236574453657,-2.7578573720869723,526,34,MEDIUM,ESTIMATED,NONE,40.0,True,ACTIVE
SP95,code_departement,department_effect_cent_l,18,0.23538466609793854,0.23538466609793854,0.5043957130670111,542,35,MEDIUM,ESTIMATED,NONE,40.0,True,ACTIVE
SP95,code_departement,department_effect_cent_l,19,-0.095939976598989,-0.095939976598989,-0.24353994059743359,382,26,LOW,ESTIMATED,NONE,40.0,True,ACTIVE
SP95,code_departement,department_effect_cent_l,21,1.7127650817585716,1.7127650817585716,2.873961747357603,831,59,MEDIUM,ESTIMATED,NONE,40.0,True,ACTIVE
SP95,code_departement,department_effect_cent_l,22,-1.2264456438693412,-1.2264456438693412,-2.1349238985873717,749,54,MEDIUM,ESTIMATED,NONE,40.0,True,ACTIVE
SP95,code_departement,department_effect_cent_l,23,0.09382001980085652,0.09382001980085652,0.2814600594025696,315,20,LOW,ESTIMATED,NONE,40.0,True,ACTIVE
SP95,code_departement,department_effect_cent_l,24,0.3078418965451022,0.3078418965451022,0.5358729310229556,882,54,MEDIUM,ESTIMATED,NONE,40.0,True,ACTIVE
SP95,code_departement,department_effect_cent_l,25,-0.4721683901540689,-0.4721683901540689,-0.8353748441187373,868,52,MEDIUM,ESTIMATED,NONE,40.0,True,ACTIVE
SP95,code_departement,department_effect_cent_l,26,-0.3407974588820552,-0.3407974588820552,-0.6653664673411553,622,42,MEDIUM,ESTIMATED,NONE,40.0,True,ACTIVE
SP95,code_departement,department_effect_cent_l,27,-0.41548492948559756,-0.41548492948559756,-0.8309698589711951,503,40,MEDIUM,ESTIMATED,NONE,40.0,True,ACTIVE
SP95,code_departement,department_effect_cent_l,28,-1.184426432479151,-1.184426432479151,-3.0795087244457924,403,25,LOW,ESTIMATED,NONE,40.0,True,ACTIVE
SP95,code_departement,department_effect_cent_l,29,-1.1046954085094047,-1.1046954085094047,-1.5956711456246957,1437,90,MEDIUM,ESTIMATED,NONE,40.0,True,ACTIVE
SP95,code_departement,department_effect_cent_l,30,0.14899190431956535,0.14899190431956535,0.2554146931192549,868,56,MEDIUM,ESTIMATED,NONE,40.0,True,ACTIVE
SP95,code_departement,department_effect_cent_l,31,-0.2895365730175829,-0.2895365730175829,-0.4623942285504682,959,67,MEDIUM,ESTIMATED,NONE,40.0,True,ACTIVE
SP95,code_departement,department_effect_cent_l,32,0.11068384242965187,0.11068384242965187,0.32151020896232213,290,21,LOW,ESTIMATED,NONE,40.0,True,ACTIVE
SP95,code_departement,department_effect_cent_l,33,-0.549300008868529,-0.549300008868529,-0.7712394063911671,1390,99,MEDIUM,ESTIMATED,NONE,40.0,True,ACTIVE
SP95,code_departement,department_effect_cent_l,34,-0.4548492244263404,-0.4548492244263404,-0.8187286039674128,679,50,MEDIUM,ESTIMATED,NONE,40.0,True,ACTIVE
SP95,code_departement,department_effect_cent_l,35,-0.7335561308797924,-0.7335561308797924,-1.1993060552479147,977,63,MEDIUM,ESTIMATED,NONE,40.0,True,ACTIVE
SP95,code_departement,department_effect_cent_l,36,-0.11434326149335029,-0.11434326149335029,-0.29025597148312,391,26,LOW,ESTIMATED,NONE,40.0,True,ACTIVE
SP95,code_departement,department_effect_cent_l,37,-0.7511190564539139,-0.7511190564539139,-1.3642774698856803,634,49,MEDIUM,ESTIMATED,NONE,40.0,True,ACTIVE
SP95,code_departement,department_effect_cent_l,38,-0.6498626816490286,-0.6498626816490286,-0.9874536851030695,970,77,MEDIUM,ESTIMATED,NONE,40.0,True,ACTIVE
SP95,code_departement,department_effect_cent_l,39,0.18003034050607924,0.18003034050607924,0.34005730984481636,599,45,MEDIUM,ESTIMATED,NONE,40.0,True,ACTIVE
SP95,code_departement,department_effect_cent_l,40,0.0389094932020486,0.0389094932020486,0.06720730643990214,847,55,MEDIUM,ESTIMATED,NONE,40.0,True,ACTIVE
SP95,code_departement,department_effect_cent_l,41,-0.020876845625903258,-0.020876845625903258,-0.050700910805765054,441,28,LOW,ESTIMATED,NONE,40.0,True,ACTIVE
SP95,code_departement,department_effect_cent_l,42,0.5096469744022901,0.5096469744022901,0.873680527546783,930,56,MEDIUM,ESTIMATED,NONE,40.0,True,ACTIVE
SP95,code_departement,department_effect_cent_l,43,0.08299218467173286,0.08299218467173286,0.19364843090071,466,30,MEDIUM,ESTIMATED,NONE,40.0,True,ACTIVE
SP95,code_departement,department_effect_cent_l,44,-1.5800289660213878,-1.5800289660213878,-2.482902660890752,939,70,MEDIUM,ESTIMATED,NONE,40.0,True,ACTIVE
SP95,code_departement,department_effect_cent_l,45,-0.05965369093473207,-0.05965369093473207,-0.12244704981339742,531,38,MEDIUM,ESTIMATED,NONE,40.0,True,ACTIVE
SP95,code_departement,department_effect_cent_l,46,-0.08145883511866633,-0.08145883511866633,-0.2986823954351099,185,15,LOW,ESTIMATED,NONE,40.0,True,ACTIVE
SP95,code_departement,department_effect_cent_l,47,-0.4128042786427717,-0.4128042786427717,-0.7641270689770454,795,47,MEDIUM,ESTIMATED,NONE,40.0,True,ACTIVE
SP95,code_departement,department_effect_cent_l,48,0.8867229830631482,0.8867229830631482,3.2513176045648766,235,15,LOW,ESTIMATED,NONE,40.0,True,ACTIVE
SP95,code_departement,department_effect_cent_l,49,-0.2600423587188094,-0.2600423587188094,-0.5411692330094141,584,37,MEDIUM,ESTIMATED,NONE,40.0,True,ACTIVE
SP95,code_departement,department_effect_cent_l,50,-0.2732085472995638,-0.2732085472995638,-0.43631812777691525,975,67,MEDIUM,ESTIMATED,NONE,40.0,True,ACTIVE
SP95,code_departement,department_effect_cent_l,51,-0.209144939513095,-0.209144939513095,-0.5079234245318022,368,28,LOW,ESTIMATED,NONE,40.0,True,ACTIVE
SP95,code_departement,department_effect_cent_l,52,1.4724328324357814,1.4724328324357814,4.149583436864475,281,22,LOW,ESTIMATED,NONE,40.0,True,ACTIVE
SP95,code_departement,department_effect_cent_l,53,-0.18376434098474465,-0.18376434098474465,-0.41346976721567547,500,32,MEDIUM,ESTIMATED,NONE,40.0,True,ACTIVE
SP95,code_departement,department_effect_cent_l,54,0.8978392894679279,0.8978392894679279,1.842933278381536,499,38,MEDIUM,ESTIMATED,NONE,40.0,True,ACTIVE
SP95,code_departement,department_effect_cent_l,55,0.19975287595788926,0.19975287595788926,0.8143771096744715,219,13,LOW,ESTIMATED,NONE,40.0,True,ACTIVE
SP95,code_departement,department_effect_cent_l,56,-0.8006794044840899,-0.8006794044840899,-1.2582104927607127,1066,70,MEDIUM,ESTIMATED,NONE,40.0,True,ACTIVE
SP95,code_departement,department_effect_cent_l,57,0.05807623796233352,0.05807623796233352,0.10453722833220035,660,50,MEDIUM,ESTIMATED,NONE,40.0,True,ACTIVE
SP95,code_departement,department_effect_cent_l,58,1.8798455443121782,1.8798455443121782,3.968562815770154,508,36,MEDIUM,ESTIMATED,NONE,40.0,True,ACTIVE
SP95,code_departement,department_effect_cent_l,59,-0.8253710300522196,-0.8253710300522196,-1.2486382249507937,925,78,MEDIUM,ESTIMATED,NONE,40.0,True,ACTIVE
SP95,code_departement,department_effect_cent_l,60,-0.24696838063198304,-0.24696838063198304,-0.42990792184085935,790,54,MEDIUM,ESTIMATED,NONE,40.0,True,ACTIVE
SP95,code_departement,department_effect_cent_l,61,-0.35847623498015424,-0.35847623498015424,-0.7929928834409472,550,33,MEDIUM,ESTIMATED,NONE,40.0,True,ACTIVE
SP95,code_departement,department_effect_cent_l,62,-0.8544160813330405,-0.8544160813330405,-1.1799079218408655,1308,105,HIGH,ESTIMATED,NONE,40.0,True,ACTIVE
SP95,code_departement,department_effect_cent_l,63,-0.08776043385663267,-0.08776043385663267,-0.16407385460153062,658,46,MEDIUM,ESTIMATED,NONE,40.0,True,ACTIVE
SP95,code_departement,department_effect_cent_l,64,0.23748141914068577,0.23748141914068577,0.40711100424117563,884,56,MEDIUM,ESTIMATED,NONE,40.0,True,ACTIVE
SP95,code_departement,department_effect_cent_l,65,0.338106384651376,0.338106384651376,1.0143191539541279,243,20,LOW,ESTIMATED,NONE,40.0,True,ACTIVE
SP95,code_departement,department_effect_cent_l,66,-0.4885767786695898,-0.4885767786695898,-1.2123942285504636,388,27,LOW,ESTIMATED,NONE,40.0,True,ACTIVE
SP95,code_departement,department_effect_cent_l,67,-1.293309725262637,-1.293309725262637,-2.371067829648168,618,48,MEDIUM,ESTIMATED,NONE,40.0,True,ACTIVE
SP95,code_departement,department_effect_cent_l,68,-0.2282808180575154,-0.2282808180575154,-0.46241499042419787,568,39,MEDIUM,ESTIMATED,NONE,40.0,True,ACTIVE
SP95,code_departement,department_effect_cent_l,69,0.2793460447568424,0.2793460447568424,0.45393732272986886,1017,64,MEDIUM,ESTIMATED,NONE,40.0,True,ACTIVE
SP95,code_departement,department_effect_cent_l,70,-0.6120784951415119,-0.6120784951415119,-1.5537377184361456,378,26,LOW,ESTIMATED,NONE,40.0,True,ACTIVE
SP95,code_departement,department_effect_cent_l,71,-0.021044726633212493,-0.021044726633212493,-0.03143718422986064,1326,81,MEDIUM,ESTIMATED,NONE,40.0,True,ACTIVE
SP95,code_departement,department_effect_cent_l,72,-0.5323119942639842,-0.5323119942639842,-0.934056895595293,671,53,MEDIUM,ESTIMATED,NONE,40.0,True,ACTIVE
SP95,code_departement,department_effect_cent_l,73,-0.24098853204276108,-0.24098853204276108,-0.47050141970253356,595,42,MEDIUM,ESTIMATED,NONE,40.0,True,ACTIVE
SP95,code_departement,department_effect_cent_l,74,1.289811348714058,1.289811348714058,2.1642597207235887,815,59,MEDIUM,ESTIMATED,NONE,40.0,True,ACTIVE
SP95,code_departement,department_effect_cent_l,75,1.6728602932031176,1.6728602932031176,11.232061968649504,18,7,INSUFFICIENT,PROVISIONAL,NONE,40.0,True,ACTIVE
SP95,code_departement,department_effect_cent_l,76,-0.5030394689401475,-0.5030394689401475,-0.7545592034102212,1226,80,MEDIUM,ESTIMATED,NONE,40.0,True,ACTIVE
SP95,code_departement,department_effect_cent_l,77,-0.06903385450887319,-0.06903385450887319,-0.11087255421122058,883,66,MEDIUM,ESTIMATED,NONE,40.0,True,ACTIVE
SP95,code_departement,department_effect_cent_l,78,0.43275034376939175,0.43275034376939175,0.8261597471961115,555,44,MEDIUM,ESTIMATED,NONE,40.0,True,ACTIVE
SP95,code_departement,department_effect_cent_l,79,-0.940903241264671,-0.940903241264671,-2.1170322928455096,483,32,MEDIUM,ESTIMATED,NONE,40.0,True,ACTIVE
SP95,code_departement,department_effect_cent_l,80,-0.31447835583473194,-0.31447835583473194,-0.6370202592549699,473,39,MEDIUM,ESTIMATED,NONE,40.0,True,ACTIVE
SP95,code_departement,department_effect_cent_l,81,0.5028101206238526,0.5028101206238526,1.1732236147889892,448,30,MEDIUM,ESTIMATED,NONE,40.0,True,ACTIVE
SP95,code_departement,department_effect_cent_l,82,-0.09664864199891618,-0.09664864199891618,-0.2577297119971098,388,24,LOW,ESTIMATED,NONE,40.0,True,ACTIVE
SP95,code_departement,department_effect_cent_l,83,-0.25400226113337765,-0.25400226113337765,-0.4152735380434587,885,63,MEDIUM,ESTIMATED,NONE,40.0,True,ACTIVE
SP95,code_departement,department_effect_cent_l,84,0.06826610880861662,0.06826610880861662,0.13828263066360802,423,39,MEDIUM,ESTIMATED,NONE,40.0,True,ACTIVE
SP95,code_departement,department_effect_cent_l,85,0.7231463493907342,0.7231463493907342,1.36594310440472,724,45,MEDIUM,ESTIMATED,NONE,40.0,True,ACTIVE
SP95,code_departement,department_effect_cent_l,86,0.05411677122690114,0.05411677122690114,0.12876059360883374,429,29,LOW,ESTIMATED,NONE,40.0,True,ACTIVE
SP95,code_departement,department_effect_cent_l,87,-0.2575743367589963,-0.2575743367589963,-0.5360330792011545,632,37,MEDIUM,ESTIMATED,NONE,40.0,True,ACTIVE
SP95,code_departement,department_effect_cent_l,88,-0.01662401548524959,-0.01662401548524959,-0.03562289032553484,469,35,MEDIUM,ESTIMATED,NONE,40.0,True,ACTIVE
SP95,code_departement,department_effect_cent_l,89,1.9351230824360304,1.9351230824360304,3.9198647054473437,566,39,MEDIUM,ESTIMATED,NONE,40.0,True,ACTIVE
SP95,code_departement,department_effect_cent_l,90,-0.24190286773970562,-0.24190286773970562,-1.209514338698528,140,10,LOW,ESTIMATED,NONE,40.0,True,ACTIVE
SP95,code_departement,department_effect_cent_l,91,-0.19472415791352424,-0.19472415791352424,-0.39969695571723396,611,38,MEDIUM,ESTIMATED,NONE,40.0,True,ACTIVE
SP95,code_departement,department_effect_cent_l,92,0.11361014447437966,0.11361014447437966,0.618544119916067,59,9,INSUFFICIENT,PROVISIONAL,NONE,40.0,True,ACTIVE
SP95,code_departement,department_effect_cent_l,93,0.011705163157751823,0.011705163157751823,0.03206196864949412,290,23,LOW,ESTIMATED,NONE,40.0,True,ACTIVE
SP95,code_departement,department_effect_cent_l,94,0.014904897805297686,0.014904897805297686,0.05749032010614821,192,14,LOW,ESTIMATED,NONE,40.0,True,ACTIVE
SP95,code_departement,department_effect_cent_l,95,0.2574506445186946,0.2574506445186946,0.7723519335560838,268,20,LOW,ESTIMATED,NONE,40.0,True,ACTIVE
SP95,competition_bucket,competition_effect_cent_l,HIGH,0.141996767744755,0.141996767744755,0.3786580473193467,415,48,MEDIUM,ESTIMATED,NONE,80.0,True,ACTIVE
SP95,competition_bucket,competition_effect_cent_l,LOW,-0.1816706715918833,-0.1816706715918833,-0.19127652336144754,15008,1513,HIGH,ESTIMATED,NONE,80.0,True,ACTIVE
SP95,competition_bucket,competition_effect_cent_l,MEDIUM,-0.49521240773118663,-0.49521240773118663,-0.541985716607804,9089,847,HIGH,ESTIMATED,NONE,80.0,True,ACTIVE
SP95,competition_bucket,competition_effect_cent_l,VERY_LOW,0.18312813281016715,0.18312813281016715,0.1888620860879806,32856,2555,HIGH,ESTIMATED,NONE,80.0,True,ACTIVE
SP95,isolation_bucket,isolation_effect_cent_l,DENSE,0.4102258994480491,0.4102258994480491,0.44247636324113476,7018,636,HIGH,ESTIMATED,NONE,50.0,True,ACTIVE
SP95,isolation_bucket,isolation_effect_cent_l,ISOLATED,-0.06106762432851967,-0.06106762432851967,-0.06302995158843354,17620,1556,HIGH,ESTIMATED,NONE,50.0,True,ACTIVE
SP95,isolation_bucket,isolation_effect_cent_l,LOCAL,-0.36216888736046643,-0.36216888736046643,-0.3755924932670812,16579,1349,HIGH,ESTIMATED,NONE,50.0,True,ACTIVE
SP95,isolation_bucket,isolation_effect_cent_l,VERY_ISOLATED,0.5463934870312062,0.5463934870312062,0.5654581585954492,16151,1433,HIGH,ESTIMATED,NONE,50.0,True,ACTIVE
SP95,road_type,road_effect_cent_l,AUTOROUTE,0.0,-0.7186834665363911,-2.3520549813918255,186,44,MEDIUM,ESTIMATED,SP95_AUTOROUTE_NONNEGATIVE_PREMIUM,100.0,False,DIAGNOSTIC_ONLY
SP95,road_type,road_effect_cent_l,ROUTE,0.0,-0.2987962133104444,-0.30635493360668636,57182,3953,HIGH,ESTIMATED,SP95_ROUTE_REFERENCE_ZERO,100.0,False,DIAGNOSTIC_ONLY
SP95,accessibility_class,logistics_premium_cent_l,FERRY_ISLAND,0.0,2.1903717532179416,24.09408928539736,3,1,INSUFFICIENT,PROVISIONAL,INSUFFICIENT_ZEROED,10.0,False,DIAGNOSTIC_ONLY
SP95,accessibility_class,logistics_premium_cent_l,MAINLAND,0.0,0.0,0.0,56021,3947,HIGH,ESTIMATED,NONE,10.0,False,DIAGNOSTIC_ONLY
SP95,accessibility_class,logistics_premium_cent_l,REMOTE_ISOLATED,1.2724316479113273,1.2724316479113273,1.3383607488393754,1243,193,HIGH,ESTIMATED,NONE,10.0,False,DIAGNOSTIC_ONLY
SP95,accessibility_class,logistics_premium_cent_l,ROAD_CONNECTED_ISLAND,0.0,0.0,-4.198141010334719,101,6,INSUFFICIENT,PROVISIONAL,INSUFFICIENT_ZEROED,10.0,False,DIAGNOSTIC_ONLY
